taxon_no,taxon_name
154828,Abadiellidae
141744,Abertellidae
114887,Abrograptidae
58937,Abyssochrysidae
85479,Acanthinocyathidae
95294,Acanthoceratidae
112025,Acanthochaetetidae
58938,Acanthochitonidae
112023,Acanthocladiidae
92853,Acanthoclymeniidae
120394,Acanthonematidae
126978,Acanthothirididae
266344,Acanthuridae
56892,Acastidae
110412,Acervulariidae
324104,Achatinidae
320807,Acheilognathidae
161986,Achistridae
120152,Aciculidae
63027,Acipenseridae
127903,Acleistoceratidae
58957,Aclididae
110262,Acmaeidae
142861,Acratiidae
133069,Acrioceratidae
92927,Acrocanitidae
154913,Acrocephalitidae
86672,Acrochordiceratidae
65552,Acrocrinidae
64920,Acrodontidae
100275,Acrolepidae
312825,Acroloxidae
113894,Acrophyllidae
266286,Acropomatidae
55537,Acroporidae
106817,Acrosaleniidae
108264,Acrosmiliidae
127404,Acrospiriferidae
85358,Acrothelidae
68771,Acrotretidae
58981,Acteocinidae
122496,Acteonellidae
58989,Acteonidae
88826,Acteoninidae
54230,Actinacididae
53602,Actinastreidae
344464,Actiniidae
98725,Actinoceratidae
129870,Actinocrinitidae
108057,Actinodictyidae
58992,Actinodontophoridae
150027,Actinolepidae
57040,Actinostromarianinidae
57039,Actinostromariidae
108066,Actinostromatidae
108072,Actinostromellidae
140083,Actinotrypidae
330360,Actisecidae
58234,Acutichitonidae
110257,Addisoniidae
124224,Adensuidae
118658,Adeonellidae
118657,Adeonidae
113105,Adeorbidae
82581,Admetidae
80981,Admiratellidae
70271,Adociidae
127252,Adolfiidae
93157,Adrianitidae
241815,Aechminellidae
180820,Aechminidae
202046,Aeduellidae
210726,Aegeridae
306455,Aegiromenidae
133603,Aeglidae
130225,Aegocrioceratidae
168532,Aeropsidae
123546,Aesiocrinidae
199089,Aesopichthyidae
68968,Aethridae
151718,Agaleidae
80958,Aganasteridae
83139,Agariciidae
152003,Agassizocrinidae
149811,Agassizodontidae
58371,Agatheliidae
93000,Agathiceratidae
112878,Agathiphylliidae
85391,Agelacrinitidae
116350,Agetolitidae
142296,Aglaspididae
206379,Aglithodictyidae
82583,Agnostidae
92818,Agoniatitidae
266387,Agonidae
133144,Agraulidae
327488,Agriolimacidae
128365,Aipoceratidae
199561,Aktubonautilidae
64279,Alabushevothyrididae
143946,Alastegiidae
109023,Alatoconchidae
185488,Albanitidae
63042,Albulidae
173116,Albuneidae
70825,Aldanellidae
330784,Alderinidae
154943,Aldonaiidae
265747,Alepocephalidae
265772,Alestidae
66133,Allagecrinidae
85371,Allanicytidiidae
104554,Allathecidae
59020,Allodesmatidae
123330,Allorhynchidae
122483,Allotrioceratidae
299771,Allwynellidae
95305,Alokistocaridae
83153,Alopiidae
215233,Alpheidae
80798,Alpinophylliidae
322705,Alpinothalamiidae
154938,Alsataspididae
85951,Alveolitidae
215169,Alvinocarididae
185591,Amaltheidae
59025,Amathinidae
335527,Amblemidae
90358,Amblypteridae
111678,Ambocoeliidae
57656,Ambonychiidae
154956,Amgaspididae
56536,Amiidae
95215,Ammagnostidae
82280,Ammodytidae
119152,Amnicolidae
198355,Ampelocrinidae
70596,Ampezzanildidae
54242,Amphiastreidae
126831,Amphipellidae
108090,Amphiporidae
170833,Amphisopidae
165688,Amphissitidae
124286,Amphistrophiidae
337753,Amphitomariidae
80863,Amphiuridae
290858,Amplectobeluidae
110338,Amplexidae
197933,Amplexoporidae
59048,Ampullariidae
59051,Ampullinidae
113895,Amsdenoididae
338774,Amygdalocystitidae
118914,Anabaritidae
149809,Anachronistidae
58872,Anacoracidae
339222,Anadromidae
92859,Anarcestidae
277031,Anaspididae
59100,Anatinellidae
111571,Anatomidae
127040,Anazygidae
310691,Anchignathodontidae
253045,Ancistrobasidae
125912,Ancistrorhynchidae
187328,Ancorinidae
94467,Ancyloceratidae
108261,Andemantastraeidae
86838,Anderssonoceratidae
155534,Andrarinidae
230870,Anetshellidae
172735,Angullongiidae
125059,Angusticardiniidae
80655,Angusticornidae
127383,Angustothyrididae
96545,Anisoceratidae
115066,Anisophyllidae
130220,Anisotrypidae
332991,Annaecoeliidae
327113,Annectocymidae
126596,Annuliconchidae
219954,Anobasicrinidae
266531,Anolotichiidae
120985,Anomalocarididae
288832,Anomalocystitidae
124970,Anomalorthidae
59135,Anomiidae
154955,Anomocarellidae
95299,Anomocaridae
57128,Anomphalidae
54990,Anopliidae
126932,Anoplothecidae
316274,Anoptambonitidae
72353,Anoptychiidae
168454,Anorthopygidae
118719,Anozygidae
133817,Antagmidae
151527,Antarctilamnidae
58893,Anthaspidellidae
106651,Anthemiphylliidae
92971,Anthracoceratidae
350522,Anthracocrinidae
118723,Anthracopupidae
59139,Anthracosiidae
127185,Anthracosyconidae
112455,Antillocaprinidae
114685,Antiphyllidae
59144,Antipleuridae
134378,Antronestheriidae
118661,Antroporidae
127384,Antzeilleridae
166211,Aparchitidae
168463,Apatopygidae
133754,Aphelaspididae
205753,Aphelecrinidae
81555,Aphrocallistidae
115428,Aphrophyllidae
70164,Aphrosalpingidae
109486,Apiocrinidae
305900,Apiocrinitidae
86689,Aplococeratidae
119498,Aplocomidae
144038,Apocrinoceratidae
53986,Apogonidae
144659,Apographiocrinidae
53504,Aporrhaidae
128205,Apsidoceratidae
163060,Apycnodiscidae
110408,Arachnophyllidae
118736,Arachnopusiidae
223910,Araeonematidae
124865,Araksalosiidae
150070,Arandaspididae
248972,Araripichthyidae
82317,Araxoceratidae
85987,Araxoporidae
151221,Arbaciidae
86839,Arcestidae
154132,Archaeaspididae
302317,Archaeobalanidae
154873,Archaeobatidae
82424,Archaeocidaridae
250820,Archaeolamnidae
70826,Archaeophialidae
70827,Archaeopragidae
126949,Archaeorthidae
59169,Archanodontidae
167202,Archiaciidae
127911,Archiacoceratidae
58326,Archinacellidae
149854,Archipelepididae
59186,Architectonicidae
59188,Arcidae
59196,Arcticidae
199659,Arcticoporidae
149468,Arctoceratidae
124915,Arctohedridae
150025,Arctolepidae
346855,Areneidae
124881,Areostrophiidae
133889,Arganodontidae
265818,Argentinidae
327589,Argnidae
88934,Argonautidae
204843,Arietitidae
63114,Ariidae
153741,Arionoceratidae
227560,Arkacrinidae
122536,Armenoceratidae
85413,Arthrostylidae
82596,Asaphidae
84728,Asaphiscidae
318914,Ascarididae
127816,Ascoceratidae
118666,Ascodictyidae
126087,Aseptorhynchiidae
86659,Aspenitidae
213372,Asperocrinidae
244506,Aspidoceratidae
168409,Aspidodiadematidae
63029,Aspidorhynchidae
118724,Aspidostomatidae
59205,Assimineidae
149536,Astacidae
59206,Astartidae
53911,Asteriidae
81139,Asterinidae
204846,Asteroceratidae
81212,Asterodiscididae
149967,Asterolepididae
80874,Asteronychidae
168549,Asterostomatidae
205700,Asthenospongiidae
58370,Astraeomorphidae
112524,Astraeospongiidae
89062,Astraraeidae
293912,Astraspididae
168492,Astriclypeidae
187556,Astrocladiidae
81718,Astrocoeniidae
345560,Astrocystitidae
53788,Astropectinidae
104622,Astroscleridae
82015,Astylospongiidae
266925,Atactotoechidae
83535,Ataphridae
91704,Ataxioceratidae
304914,Ateleaspidae
63283,Atelecyclidae
108059,Atelodictyidae
266170,Atherinidae
81197,Athyrididae
59234,Atlantidae
92828,Atlantoceratidae
161405,Atomodesmatidae
155019,Atopidae
82778,Atriboniidae
86575,Atrypidae
127027,Atrypinidae
122379,Aturiidae
59250,Atyidae
92815,Auguritidae
108048,Aulaceratidae
122270,Aulaceridae
182773,Aulacoceratidae
56890,Aulacopleuridae
309562,Aulacostephanidae
130693,Aulacothyropsidae
54423,Aulastraeoporidae
82995,Aulocalycidae
171654,Aulochitonidae
122131,Aulocystidae
122129,Auloheliidae
124190,Aulonotretidae
89455,Aulophyllidae
81480,Auloporidae
81188,Aulostegidae
70217,Auriculospongiidae
137525,Australothecidae
126819,Austrirhynchidae
59276,Aviculopectinidae
100714,Axiidae
115438,Axophyllidae
68935,Axosmiliidae
82979,Azoricidae
151493,Aztecodontidae
310079,Babanicrinidae
59283,Babinkidae
82322,Bactritidae
127097,Bactryniidae
59287,Baculitidae
86918,Badiotitidae
63111,Bagridae
142852,Bairdiidae
169407,Bairdiocyprididae
122124,Bajgoliidae
59288,Bakevelliidae
82260,Balanidae
86673,Balatonitidae
126858,Balatonospiridae
132676,Balistidae
145980,Balkoceratidae
324251,Balognathidae
103402,Baltoceratidae
125070,Bananogmiidae
244557,Bandringidae
88907,Bangtoupocrinidae
59324,Barleeidae
330686,Barrandeoceratidae
128197,Barrandoceratidae
205750,Barycrinidae
86613,Basiliolidae
103600,Bassleroceratidae
122462,Bathmoceratidae
133813,Bathycheilidae
305640,Bathycrinidae
265819,Bathylagidae
304966,Bathynotidae
124260,Bathyuridae
214925,Batocrinidae
118670,Batoporidae
317122,Batostomellidae
83225,Batrachoididae
155075,Bavarillidae
104735,Bdellacomidae
142301,Beckwithiidae
249774,Beecherellidae
123819,Beecheriidae
151667,Belantseidae
144345,Belemnitellidae
129907,Belemnitidae
111098,Belemnopseidae
258546,Belemnoteuthididae
118569,Bellerophinidae
54564,Bellerophontidae
286996,Bellinuridae
92854,Beloceratidae
266180,Belonidae
317194,Belosepiidae
86660,Beneckeiidae
53912,Benthopectinidae
92986,Berkhoceratidae
169399,Berounellidae
266077,Berycidae
114677,Bethanyphyllidae
110789,Beyrichiidae
170746,Beyrichiopsidae
172630,Beyrichitidae
142247,Beyrichonidae
315960,Bicellariellidae
124201,Biernatidae
315967,Bifaxariidae
155127,Bigotinidae
116160,Billingsariidae
124904,Billingsellidae
93188,Biloclymeniidae
103911,Bimuriidae
134167,Binneyitidae
54880,Birgeriidae
304817,Birkeniidae
93048,Bisatoceratidae
118701,Bitectiporidae
59384,Bithyniidae
126841,Bittnerulidae
348886,Blastocystidae
266198,Blenniidae
219598,Blepharipodidae
127953,Blochiidae
129876,Blothrocrinidae
99755,Bobasatraniidae
129922,Bochianitidae
80684,Bohemiellidae
155130,Bohemillidae
154914,Bolaspididae
187308,Bolliidae
130465,Boreiothyrididae
208322,Boreolepidae
343349,Borsoniidae
82282,Bothidae
168787,Bothriocidaridae
259726,Bothriolepididae
115083,Bothrophyllidae
203988,Botryocrinidae
117840,Botsfordiidae
130711,Bouchardiidae
154884,Brachaeluridae
205797,Brachiospongiidae
122652,Brachycycloceratidae
292191,Brachycytheridae
302974,Brachylepadidae
56732,Brachymetopidae
106724,Brachyphylliidae
206648,Brachyschismatidae
83499,Brachythyrididae
118581,Brachytrematidae
134236,Bradoriidae
82272,Branchiostegidae
96537,Brancoceratidae
58092,Bransoniidae
133524,Bregmacerotidae
170397,Brembodontidae
127898,Brevicoceratidae
123536,Bridgerocrinidae
167165,Brissidae
118684,Bryocryptellidae
118735,Bryopastoridae
307920,Bubaridae
70830,Bucanellidae
70831,Bucaniidae
59409,Buccinidae
90696,Buccinulidae
147658,Bucculentidae
59417,Buchiidae
103418,Buchiolidae
118660,Buffonellodidae
180668,Bufinidae
59421,Bulimidae
324348,Bulimulidae
59425,Bullidae
59426,Bullinidae
57037,Burgundiidae
94355,Burlingiidae
59430,Burmesiidae
59432,Bursidae
258451,Byrrangoceratidae
266089,Bythitidae
162986,Bythocyprididae
142870,Bythocytheridae
59441,Caecidae
106807,Calamophylliidae
302281,Calanticidae
93849,Calappidae
162215,Calcancoridae
214933,Calceocrinidae
85936,Calceolidae
123559,Calceolispongiidae
161966,Calclamnidae
118738,Calescharidae
66316,Callianassidae
101372,Calliasterellidae
83789,Callichthyidae
266110,Callionymidae
110057,Calliostomatidae
253043,Calliotropidae
241972,Callipurbeckiidae
259426,Callocystitidae
81519,Callodictyidae
81554,Callodictyonidae
82214,Calloporidae
285292,Callorhinchidae
89502,Callorhynchidae
133750,Calmoniidae
154074,Calodiscidae
152066,Calometridae
110451,Calostylidae
220075,Calycocrinidae
85380,Calymenidae
59508,Calyptraeidae
189766,Calyptrellidae
333755,Camaenidae
116302,Camarocarcinidae
97449,Camarotoechiidae
217943,Cambaridae
65473,Cambridiidae
125136,Camerellidae
189774,Camerospongiidae
59513,Campanilidae
114679,Campophyllidae
121033,Canadaspididae
59518,Cancellariidae
81039,Cancellothyrididae
68990,Cancridae
118667,Candidae
131413,Candonidae
162956,Canisiidae
242209,Canobiidae
81038,Capillithyrididae
59525,Caprinidae
161633,Caprinulidae
308423,Caprinuloideidae
266288,Caproidae
59526,Caprotinidae
59527,Capulidae
338777,Carabocrinidae
83270,Carangidae
133557,Carapidae
122576,Carbactinoceratidae
70833,Carcassonnellidae
83183,Carcharhinidae
123443,Carcharidae
80609,Carchariidae
118028,Carcharodontidae
224462,Carcinidae
286987,Carcinosomatidae
123880,Cardiarinidae
59532,Cardiidae
59535,Cardiliidae
59536,Cardiniidae
301243,Cardioceratidae
213987,Cardiolariidae
136804,Cardiolidae
96141,Cardiolithidae
59551,Carditidae
148982,Carinachitidae
59572,Carinariidae
127049,Carinatinidae
110497,Carinocarcinoididae
93184,Carinoclymeniidae
287310,Carinolithidae
294475,Carinopeltidae
86684,Carnitidae
182570,Carnocladiidae
117295,Carolastraeidae
91440,Carpiliidae
70289,Carterellidae
59575,Carydiidae
150156,Caryocarididae
299963,Caryocystitidae
54200,Caryophylliidae
209098,Caseodontidae
85973,Cassianebalidae
59581,Cassianellidae
119855,Cassianothalamiidae
59582,Cassidae
59583,Cassididae
168468,Cassidulidae
120381,Cassiopidae
145809,Catacrinidae
111568,Catantostomatidae
118672,Catenicellidae
70212,Catenispongiidae
319276,Cathaysiorthidae
82595,Catillicephalidae
144638,Catillocrinidae
83688,Catostomidae
121373,Caturidae
142855,Cavellinidae
59601,Cavoliniidae
133753,Cedariidae
83513,Cellariidae
82187,Celleporidae
172746,Celtitidae
56694,Celyphiidae
316857,Cenoceratidae
211585,Cenomanocarcinidae
266325,Centracanthidae
83690,Centrarchidae
113878,Centristelidae
128337,Centroceratidae
266117,Centrolophidae
130636,Centronellidae
131681,Centrophoridae
154831,Centropleuridae
131418,Centropomidae
70250,Ceotinellidae
187576,Cephaloraphiditidae
268252,Ceramoporidae
86674,Ceratitidae
70835,Ceratoconidae
57670,Ceratodontidae
59610,Ceratomyidae
59611,Ceratomyopsidae
119018,Ceratoporellidae
82589,Ceratopygidae
142277,Ceratothecidae
124202,Ceratretidae
173984,Cercidocrinidae
327662,Cerioporidae
120390,Cerithiidae
59624,Cerithiopsidae
99862,Cestraciontidae
83165,Cetorhinidae
123917,Chaenocardiidae
81136,Chaetasteridae
56425,Chaetetidae
266290,Chaetodontidae
90929,Chaetopleuridae
114006,Chainodictyonidae
59662,Chamidae
85331,Chancelloriidae
105041,Changshaniidae
170406,Chanidae
252925,Channidae
118663,Chaperiidae
265775,Characidae
165243,Chasmatoporidae
110498,Chasmocarcinidae
63161,Cheeneetnukiidae
133756,Cheilocephalidae
92900,Cheiloceratidae
118676,Cheiloporinidae
70160,Cheilosporitiidae
200056,Cheilotrypidae
224406,Cheiragonidae
288856,Cheirocrinidae
131803,Cheiropterasteridae
85334,Cheiruridae
302314,Chelonibiidae
187560,Chenendoporidae
167477,Chengjiangocarididae
154830,Chengkouaspidae
155134,Chengkouiidae
130467,Cheniothyrididae
110858,Chiastoclonellidae
122478,Chihlioceratidae
124228,Chileidae
124878,Chilidiopsidae
264782,Chilinidae
111562,Chilodontidae
132672,Chimaeridae
285290,Chimaeropsidae
143241,Chiplonkarinidae
59671,Chiridotidae
164889,Chiridotitidae
117695,Chirocentridae
219462,Chirostylidae
59672,Chitonidae
118677,Chlidoniidae
118678,Chlidoniopsidae
130628,Chlidonophoridae
266039,Chlorophthalmidae
127820,Choanoceratidae
179257,Choiidae
151615,Chondrenchelyidae
59702,Chondrodontidae
94900,Chondrosteidae
96899,Chonetidae
124863,Chonopectidae
110456,Chonophyllidae
122308,Chonostegitidae
110170,Chonostrophiidae
82942,Choristitidae
86828,Choristoceratidae
118679,Chorizoporidae
103904,Christianiidae
93060,Christioceratidae
125094,Chrustenoporidae
302312,Chthamalidae
68625,Chuchlinidae
179616,Cichlidae
111933,Cidaridae
127375,Cimicinellidae
107029,Cimidae
327156,Cinctiporidae
59717,Cingulopsidae
96133,Circothecidae
93916,Cirolanidae
59726,Cirridae
100974,Cladiscitidae
151045,Cladocoropsidae
304288,Cladocyclidae
113619,Cladophylliidae
244170,Claraiidae
131416,Clariidae
125131,Clarkellidae
66123,Clathrocrinidae
85404,Clathrodictyidae
327469,Clausiliidae
59746,Clavagellidae
95216,Clavagnostidae
121087,Clavatulidae
59751,Cleidothaeridae
89747,Cleistoporidae
132814,Cleoniceratidae
119014,Cliefdenellidae
127792,Clinoceratidae
70259,Clionaidae
59760,Clionidae
86812,Clionititidae
58671,Clisospiridae
124907,Clitambonitidae
125859,Clorindidae
66426,Cloudinidae
134525,Clupavidae
53981,Clupeidae
128372,Clydonautilidae
301231,Clydoniceratidae
93207,Clymeniidae
153376,Clypeasteridae
151094,Clypeidae
168464,Clypeolampadidae
235016,Clytiopsidae
70261,Cnemidiastridae
130634,Cnismatocentridae
265758,Cobitidae
99498,Coccolepidae
87607,Coccoserididae
59771,Cocculinellidae
59772,Cocculinidae
312800,Cochlicopidae
149818,Cochliodontidae
264497,Cochliopidae
86826,Cochloceratidae
206649,Codasteridae
144646,Codiacrinidae
59783,Codonocheilidae
68076,Coelacanthidae
204856,Coeloceratidae
278145,Coelodiscidae
150135,Coelolepidae
166204,Coelonellidae
82975,Coeloptychidae
59784,Coelostylinidae
87609,Coenitidae
219622,Coenobitidae
108087,Coenostromatidae
95301,Coilopoceratidae
330481,Colatooeciidae
218325,Coleiidae
104520,Coleolidae
59786,Collignoniceratidae
168496,Collyritidae
64921,Colobodontidae
59788,Colombellinidae
64706,Colospongiidae
315656,Colpodecrinidae
65217,Colpomyidae
120316,Columastreidae
59790,Columbellidae
259488,Columbicrinidae
86663,Columbitidae
114606,Columnariidae
113911,Combophyllidae
147746,Componocancridae
202604,Compositelasmatidae
101294,Compsasteridae
162684,Comptalutidae
329806,Concavicarididae
59809,Condylocardiidae
154066,Condylopygidae
327419,Conescharellinidae
83219,Congridae
59819,Conidae
58125,Conocardiidae
168475,Conoclypeidae
133758,Conocoryphidae
155145,Conokephalinidae
116552,Conophyllidae
153691,Constellariidae
119295,Contractenidae
123858,Conulariidae
168458,Conulidae
124167,Cooperinidae
151505,Copodontidae
89561,Coralliophilidae
70275,Corallistidae
59856,Corbiculidae
59874,Corbulidae
65870,Coreospiridae
59880,Cornirostridae
7430,Cornulitidae
270844,Coronakirkbyidae
90123,Coronulidae
116321,Cortinellidae
149909,Corvaspididae
154832,Corynexochidae
317869,Corynotrypidae
108250,Coryphylliidae
168517,Corystidae
173988,Corythocrinidae
118681,Coscinopleuridae
93219,Costaclymeniidae
87410,Costatoriidae
330388,Costatulitidae
59889,Costellariidae
64824,Cothurnocystidae
266404,Cottidae
306538,Covracytheridae
244325,Coxiconchiidae
127370,Cranaenidae
96833,Craniidae
124215,Craniopsidae
59890,Craspedopomatidae
58137,Craspedostomatidae
59901,Crassatellidae
119407,Crassilinidae
57987,Crassimarginatidae
185883,Crassitudochitonidae
127290,Crassumbidae
81369,Craticulariidae
168793,Cravenechinidae
93006,Cravenoceratidae
124983,Cremnorthidae
243999,Crenellidae
117702,Crepicephalidae
330086,Crepidacanthidae
141520,Crestjahitidae
347258,Cretitanaidae
63014,Cretoxyrhinidae
118664,Cribrilinidae
81304,Cribrospongiidae
70207,Cribrothalamiidae
304670,Cricocosmiidae
131060,Crioceratitidae
327112,Crisiidae
327114,Crisinidae
123542,Cromyocrinidae
206793,Crossorhinidae
226091,Crossotonotidae
329699,Crownoporidae
194217,Crustoporidae
89031,Cryptaulacidae
70155,Cryptocoeliidae
151353,Cryptocrinitidae
116141,Cryptolichenariidae
125764,Cryptonellidae
104323,Cryptoporidae
118682,Cryptosulidae
124214,Cryptotretidae
124923,Ctenacanthidae
63277,Ctenochelidae
231368,Ctenocystidae
59935,Ctenodontidae
259188,Ctenonotellidae
59945,Cucullaeidae
59946,Cucumariidae
116553,Cuifastraeidae
117326,Cunnolitidae
85348,Cupithecidae
94447,Cupressocrinitidae
82188,Cupuladriidae
86729,Cupulocrinidae
124204,Curticiidae
58334,Curtoseriidae
59984,Cuspidariidae
328063,Cuvierinidae
59987,Cyamiidae
150143,Cyathaspididae
110336,Cyathaxoniidae
86765,Cyathocrinitidae
241684,Cyathocystidae
55368,Cyathophoridae
98634,Cyathophyllidae
110449,Cyathopsidae
124165,Cyclacanthariidae
118683,Cyclicoporidae
86936,Cycloceltitidae
348170,Cyclocharacidae
124984,Cyclocoeliidae
59992,Cycloconchidae
305906,Cyclocrinidae
103244,Cyclocystoididae
93911,Cyclodorippidae
96098,Cyclolitidae
93147,Cyclolobidae
205758,Cyclomischidae
59993,Cyclophoridae
116150,Cyclophylliidae
108259,Cyclophyllopsiidae
133735,Cyclopygidae
127069,Cyclospiridae
103594,Cyclostomiceratidae
81035,Cyclothyrididae
60003,Cylichnidae
64733,Cylindrobullinidae
91511,Cylindroleberididae
70264,Cylindrophymatidae
93176,Cymaclymeniidae
60009,Cymatiidae
122377,Cymatoceratidae
220082,Cymbiocrinidae
193674,Cymbitidae
223185,Cymonomidae
265780,Cynodontidae
82283,Cynoglossidae
81308,Cypelliidae
60047,Cypraeidae
98348,Cyprididae
290550,Cypridinellidae
186924,Cypridinelliformidae
186942,Cypridinidae
64192,Cyprinidae
266188,Cyprinodontidae
122480,Cyrtendoceratidae
123363,Cyrtiidae
81129,Cyrtinidae
127419,Cyrtinopsidae
122463,Cyrtocerinidae
93174,Cyrtoclymeniidae
60053,Cyrtodontidae
127937,Cyrtogomphoceratidae
58428,Cyrtolitidae
70839,Cyrtonellidae
122116,Cyrtophyllidae
97461,Cyrtospiriferidae
110486,Cystiphyllidae
89607,Cystiscidae
189776,Cystispongiidae
118732,Cystodictyonidae
142249,Cytherellidae
82106,Cytheridae
82086,Cytherideidae
142899,Cytherissinellidae
162995,Cytheruridae
57395,Cyzicidae
68662,Dactylioceratidae
189091,Dactylocalycidae
157879,Dactylocrinidae
318416,Dadocrinidae
222867,Dakoticancridae
89227,Dalatiidae
130731,Dallinidae
86571,Dalmanellidae
85376,Dalmanitidae
155009,Damesellidae
70840,Damilinidae
86687,Danubitidae
100273,Dapediidae
277028,Daphniidae
337071,Dapsilodontidae
93230,Daraelitidae
63613,Dasyatidae
127046,Davidsoniidae
126834,Davidsoninidae
124723,Daviesiellidae
127791,Dawsonoceratidae
86576,Dayiidae
199084,Debeeriidae
94454,Decadocrinidae
93003,Delepinoceratidae
116322,Delphinulopsidae
124138,Delthyrididae
171450,Deltoceratidae
82418,Deltopectinidae
244785,Deltoptychiidae
168491,Dendrasteridae
86727,Dendrocrinidae
303861,Dendrogastridae
88802,Dendrograptidae
116911,Dendrogyriidae
96084,Dendrophylliidae
70842,Dendropupidae
108073,Densastromatidae
327664,Densiporidae
60075,Dentaliidae
199593,Dentoceratidae
81181,Derbyiidae
127110,Dercetidae
119156,Dermocomidae
55528,Dermosmiliidae
144188,Deshayesitidae
116144,Desmidoporidae
84929,Desmoceratidae
168460,Desorellidae
92851,Devonopronoritidae
168407,Diadematidae
60107,Dialidae
109927,Diaperoeciidae
60108,Diaphanidae
336152,Diapleuridae
60113,Diastomatidae
111605,Diastoporidae
207130,Diaulacidae
90688,Dicellopygidae
60115,Diceratidae
95217,Diceratocephalidae
60117,Dicerocardiidae
94444,Dichocrinidae
125075,Dicoelosiidae
119354,Dicricoconidae
82400,Dictyospongiidae
130468,Dictyothyrididae
86824,Didymitidae
330498,Didymograptidae
118687,Didymosellidae
327752,Diedroporidae
83096,Dielasmatidae
82446,Dieneroceratidae
127190,Dierespongiidae
103409,Diestoceratidae
183507,Diffingiidae
110716,Digonophyllidae
133764,Dikelocephalidae
147985,Dikelokephalinidae
126853,Dimegelasmidae
80690,Dimerellidae
92948,Dimeroceratidae
124261,Dimeropygidae
132395,Dimitobelidae
92983,Dimorphoceratidae
60121,Dimyidae
86662,Dinaritidae
155139,Dinesidae
117975,Dinichthyidae
83301,Diodontidae
63295,Diogenidae
133743,Dionididae
337310,Diozoptyxidae
198343,Diphuicrinidae
227385,Diplacanthidae
82588,Diplagnostidae
281588,Diploaspididae
310911,Diploastraeidae
348833,Diplobelidae
106809,Diplocidaridae
343455,Diplocteniopsidae
226999,Diplodoselachidae
60140,Diplommatinidae
95939,Diplomoceratidae
65553,Diplomystidae
126896,Diplospirellidae
132690,Dipoloceratidae
118054,Dipteridae
168498,Disasteridae
307038,Discinidae
88791,Disciniidae
173877,Discoceratidae
271589,Discocoelidae
85888,Discohelicidae
168452,Discoididae
86784,Discophyllitidae
203517,Discordichthyidae
128017,Discosoridae
70278,Discostromatidae
70340,Disjectoporidae
336943,Dispheniidae
82678,Disphyllidae
246104,Distacodidae
86811,Distichitidae
213919,Distobatidae
113886,Ditoecholasmatidae
127187,Docodermatidae
133759,Dokimocephalidae
154826,Dolerolenidae
86568,Dolerorthidae
95206,Dolichometopidae
350713,Dolichopteridae
166364,Domatoceratidae
60156,Donacidae
116549,Donacosmilidae
57191,Donaldinidae
94715,Dorippidae
96140,Dorsojugatidae
99758,Dorypteridae
95207,Dorypygidae
130412,Douvilleiceratidae
124290,Douvillinidae
125092,Draboviidae
60171,Dreissenidae
216909,Drepanellidae
286976,Drepanopteridae
97853,Drilliidae
173672,Dromiidae
278558,Dronovitidae
244025,Dualinidae
115436,Durhaminidae
134524,Dussumieriidae
69260,Duvaliidae
171663,Dycheiidae
151646,Dynomenidae
130616,Dyscoliidae
55494,Dyscritellidae
204078,Dysideidae
124193,Dysoristidae
206152,Dystactospongiidae
93269,Dzhulfitidae
60182,Eatoniellidae
125926,Eatoniidae
266142,Echeneidae
151230,Echinarachniidae
53798,Echinasteridae
87424,Echinidae
171696,Echinochitonidae
82772,Echinoconchidae
168789,Echinocystitidae
305729,Echinoencrinitidae
153601,Echinolampadidae
141751,Echinometridae
153375,Echinoneidae
83110,Echinorhinidae
123382,Echinospiriferidae
53902,Echinothuriidae
204850,Echioceratidae
167021,Echmatocrinidae
125043,Edaphodontidae
154939,Edelsteinaspididae
209102,Edestidae
60194,Edmondiidae
241713,Edrioasteridae
124229,Eichwaldiidae
90417,Eiffeliidae
115426,Ekvasophyllidae
60196,Elachisinidae
58588,Elasmonematidae
52759,Electridae
151006,Electrinidae
232353,Eleidae
124189,Elkaniidae
103558,Ellesmeroceratidae
134507,Ellimmichthyidae
133761,Ellipsocephalidae
133760,Ellipsocephaloididae
108258,Ellipsosmiliidae
149460,Ellisoniidae
60205,Ellobiidae
99751,Elonichthyidae
327921,Elonidae
63040,Elopidae
133762,Elviniidae
81196,Elythidae
127287,Elythynidae
266158,Embiotocidae
136511,Embolasteridae
327777,Eminooeciidae
168423,Emiratiidae
81577,Emuellidae
125857,Enantiosphenidae
108909,Enchodontidae
102898,Encrinasteridae
258549,Encrinidae
97159,Encrinuridae
115085,Endamplexidae
103404,Endoceratidae
135549,Endodontidae
113919,Endophyllidae
70167,Endostomatidae
115068,Endotheciidae
129288,Engonoceratidae
327899,Enidae
60229,Entalinidae
169991,Entalophoridae
125090,Enteletidae
113914,Entelophyllidae
92990,Entogonitidae
60231,Entoliidae
168637,Entolioididae
169424,Entomozoidae
267699,Eocomatulidae
124203,Eoconulidae
124352,Eocramatiidae
120077,Eocrinidae
337411,Eocypraeidae
194019,Eoderoceratidae
124706,Eodevonariidae
90399,Eodiscidae
92968,Eogonioloboceratidae
69567,Eoobolidae
68769,Eoorthidae
318891,Eophasmidae
101195,Eophiuridae
124304,Eopholidostrophiidae
58680,Eopteriidae
134383,Eoptolamnidae
100965,Eosagenitidae
161347,Eoschizodidae
274045,Eosemionotidae
104753,Eospondylidae
125114,Eostrophiidae
142770,Eothinoceratidae
58510,Eotomariidae
154358,Eotrigonodontidae
87278,Ephippelasmatidae
133666,Ephippidae
110594,Ephippoceratidae
223525,Epialtidae
161619,Epidiceratidae
86822,Episculitidae
89657,Epistomiidae
60263,Epitoniidae
60276,Eratoidae
157901,Eriditidae
114663,Eridophyllidae
127688,Eridotrypellidae
104105,Eriphiidae
147477,Erisocrinidae
241060,Errolichthyidae
60284,Erycinidae
149095,Erymidae
126099,Erymnariidae
218308,Eryonidae
265781,Erythrinidae
118689,Escharellidae
118668,Escharinidae
317876,Escharoporidae
210686,Esocidae
154940,Estaingiidae
128188,Estonioceratidae
129884,Etherellidae
161985,Etheridgellidae
223221,Ethusidae
305759,Etmopteridae
214874,Eucalyptocrinitidae
110161,Euchondriidae
163597,Eucladidae
112345,Eucochlidae
271580,Eucopiidae
70610,Eucyclidae
253021,Eucycloscalidae
305983,Eudesicrinidae
130673,Eudesiidae
127284,Eudoxinidae
321288,Eugaleaspididae
202862,Eugeneodontidae
60318,Eulimidae
82599,Eulomidae
60322,Euloxidae
253026,Eunemopsidae
70088,Euomphalidae
105160,Euorthisinidae
70846,Euphemitidae
60328,Euphyllidae
81521,Euplectellidae
93077,Eupleuroceratidae
133143,Eurekiidae
82020,Euretidae
244192,Eurydesmatidae
203488,Eurynotoidiidae
220113,Euryocrinidae
200080,Eurypholidae
110499,Euryplacidae
237426,Eurypteridae
329974,Eurystomellidae
161610,Euspirocrinidae
315285,Eustenocrinidae
118584,Eustomatidae
132303,Euzonosomatidae
213421,Exaesiodiscidae
118691,Exechonellidae
161988,Exlinellidae
118690,Exochellidae
85981,Exotubispongiidae
113915,Expressophyllidae
245132,Falcatidae
152762,Fallotaspididae
280660,Fardeniidae
153279,Farreidae
98569,Fascigeridae
60350,Fasciolariidae
114069,Fasciphyllidae
87429,Faujasiidae
54205,Faviidae
86559,Favositidae
141002,Fedaiellidae
269356,Felixaraeidae
110173,Fenestellidae
128799,Fenestraliidae
108083,Ferestromatoporidae
93013,Ferganoceratidae
247563,Ferrifronsidae
327610,Ferussaciidae
119688,Ferussinidae
153787,Fibulariidae
60359,Ficidae
304656,Fieldiidae
327882,Filholiidae
174287,Filispiriferidae
124985,Finkelnburgiidae
172822,Fissispongiidae
60369,Fissurellidae
80972,Fistuliporidae
86603,Flabellidae
82447,Flemingitidae
122126,Fletcheriellidae
113771,Fletcheriidae
129670,Flickiidae
218822,Floricyclidae
118695,Flustridae
124283,Foliomenidae
95380,Forbesiceratidae
60382,Fordillidae
167484,Fortiforcipidae
253156,Fossarinidae
327703,Foveolariidae
213977,Frejidae
130702,Frenulinidae
118773,Frondiporidae
117760,Fungiacyathidae
81591,Fungiidae
108262,Funginellidae
99509,Furidae
329741,Fusicellariidae
60412,Fustiariidae
167475,Fuxianhuiidae
316845,Fuyuanperleididae
211213,Gabanellidae
116156,Gablonzeriidae
65854,Gadidae
60416,Gadilidae
60417,Gadilinidae
332713,Gaidropsaridae
60424,Gaimardiidae
96143,Gakidae
63275,Galatheidae
225204,Galenidae
60430,Galeommatidae
168445,Galeritidae
214866,Gasterocomidae
89725,Gasterosteidae
58395,Gastrioceratidae
60445,Gastrochaenidae
333757,Gastrocoptidae
327582,Gastrodontidae
87374,Gattendorfiidae
95369,Gaudryceratidae
226103,Gecarcinidae
86783,Geisonoceratidae
118692,Gemelliporellidae
124870,Gemmellaroiidae
133668,Gempylidae
70268,Geodiidae
92839,Gephuroceratidae
127293,Gerkispiridae
142911,Geroiidae
266294,Gerreidae
108058,Gerronostromatidae
68994,Geryonidae
111612,Geyerophyllidae
128420,Gibbithyrididae
140729,Gigantocapulidae
118693,Gigantoporidae
142376,Gigantostyliidae
70231,Gigantothalamiidae
123906,Gillediidae
83128,Ginglymostomatidae
124986,Giraldiellidae
81746,Girtyoceratidae
70147,Girtyocoeliidae
95777,Girtyporidae
147663,Glaessneropsidae
93019,Glaphyritidae
127065,Glassiidae
93204,Glatziellidae
60470,Glauconomidae
322532,Globucatenulaiidae
64732,Glomocystospongiidae
249777,Glorianellidae
60473,Glossidae
126058,Glossinotoechiidae
94449,Glossocrinidae
60479,Glycymerididae
210729,Glypheidae
168415,Glyphocyphidae
69212,Glyptarcidae
331416,Glyptocystitidae
103899,Glyptomenidae
112658,Glyptopleuridae
84994,Glyptorthidae
306377,Glyptosphaeritidae
133097,Gnathorhizidae
252928,Gobiidae
124910,Gonambonitidae
203513,Gonatodidae
149418,Gondolellidae
63310,Goneplacidae
319044,Goniadidae
68255,Goniasmatidae
53913,Goniasteridae
87347,Goniatitidae
122574,Gonioceratidae
206537,Goniochelidae
86955,Goniocladiidae
93222,Gonioclymeniidae
147694,Goniodromitidae
93071,Gonioloboceratidae
128382,Gonionautilidae
81135,Goniopectinidae
110715,Goniophyllidae
133646,Gonorhynchidae
265827,Gonostomatidae
150358,Gordenellidae
122309,Gorskyitidae
57116,Gosseletinidae
119290,Gotlandellitidae
153798,Gotlandochitonidae
218261,Gourretiidae
104533,Gracilithecidae
127824,Graciloceratidae
60523,Grammysiidae
214745,Granatocrinidae
135568,Grangerellidae
144648,Graphiocrinidae
257907,Graphoceratidae
147768,Grapsidae
165246,Groeberellidae
124340,Grorudiidae
60542,Gryphaeidae
114960,Gryphochitonidae
82329,Grypoceratidae
70169,Guadalupiidae
149904,Guangweicarididae
89061,Guembelastraeidae
130672,Gusarellidae
106895,Guyniidae
86680,Gymnitidae
96191,Gymnuridae
114152,Gypidulidae
90342,Gyrocystidae
176953,Gyronitidae
338091,Gyrotropidae
199542,Gzheloceratidae
206495,Habroichthyidae
125052,Hadrodontidae
199155,Hadronectoridae
110335,Hadrophyllidae
126060,Hadrorhynchiidae
266295,Haemulidae
220153,Halecidae
82398,Halichondritidae
60569,Haliotidae
89086,Halkieriidae
110403,Halliidae
317216,Halloporidae
72335,Halobiidae
60582,Haloceratidae
126121,Halorellidae
86821,Haloritidae
85472,Halysitidae
60587,Haminoeidae
96540,Hamitidae
184516,Hammatoceratidae
179256,Hamptoniidae
133065,Hamulinidae
60592,Hanleyidae
203997,Hapalocrinidae
57036,Haplaraeidae
70272,Haplistiidae
113280,Haploceratidae
157885,Haplocrinitidae
103801,Hapsiphyllidae
286981,Hardieopteridae
125076,Harknessellidae
130608,Harpotothyrididae
339739,Harrimaniidae
305307,Hastitidae
205702,Hazeliidae
169412,Healdiidae
154069,Hebediscidae
127821,Hebetoceratidae
123325,Hebetoechiidae
270982,Heckerocrinidae
127241,Hedeinopsidae
86658,Hedenstroemiidae
191788,Hederellidae
58712,Helcionellidae
145349,Helenoporidae
103672,Helianthasteridae
81186,Heliasteridae
117068,Heliastraeidae
94483,Helicidae
60613,Helicinidae
304962,Helicocystitidae
327484,Helicodiscidae
327966,Helicodontidae
151500,Helicoplacidae
113651,Helicotomidae
329709,Heliodomidae
87267,Heliolitidae
84227,Helioporidae
64710,Heliospongiidae
100765,Hellenitidae
195268,Helminthophyllidae
244779,Helodontidae
134173,Hematitidae
148887,Hemiasteridae
168412,Hemicidaridae
305740,Hemicosmitidae
241691,Hemicystitidae
162993,Hemicytheridae
80869,Hemieuryalidae
83181,Hemigaleidae
133073,Hemihoplitidae
185452,Hemilecanitidae
69643,Hemiphragmoceratidae
266182,Hemiramphidae
63017,Hemiscylliidae
85396,Hemithecellidae
126997,Hemithirididae
304717,Hemitrochiscidae
63298,Hepatidae
86809,Heraclitidae
327826,Hercoceratidae
122378,Hercoglossidae
247610,Hercolepadidae
124178,Hercosiidae
244567,Heslerodidae
130470,Hesperithyrididae
103916,Hesperomenidae
124971,Hesperonomiidae
86034,Hesperorthidae
84250,Hetairacyathidae
70326,Heterastrididae
81200,Heterelasminidae
97561,Heteroceratidae
168960,Heterocidaridae
68839,Heterocoeniidae
328581,Heterocrinidae
124932,Heterodontidae
70641,Heteroneritidae
244153,Heteropectinidae
115820,Heterophylliidae
327941,Heteroporidae
125080,Heterorthidae
70849,Heterosubulitidae
162294,Heterothyonidae
85990,Heterotrypidae
319061,Heteroxynematidae
216564,Hexacrinidae
214877,Hexacrinitidae
80975,Hexagonellidae
266389,Hexagrammidae
83104,Hexanchidae
148997,Hexangulaconulariidae
110500,Hexapodidae
118737,Hiantoporidae
60654,Hiatellidae
123409,Hibbardellidae
184513,Hildoceratidae
132892,Himalayitidae
131055,Himantoceratidae
150758,Hincksinidae
118696,Hincksiporidae
119125,Hindiidae
167446,Hintzespongiidae
180145,Hiodontidae
219604,Hippidae
54331,Hippocardiidae
337709,Hippochrenidae
90404,Hipponicharionidae
60658,Hipponicidae
60661,Hippopodiidae
118698,Hippopodinidae
118700,Hippoporidridae
327369,Hippoporinidae
118675,Hippothoidae
60664,Hippuritidae
141955,Histocidaridae
168507,Holasteridae
131208,Holcodiscidae
153760,Holectypidae
170741,Hollinellidae
184059,Hollinidae
154090,Holmiidae
113773,Holmophyllidae
266085,Holocentridae
155247,Holocephalinidae
149471,Holocrinidae
331412,Holocystitidae
58418,Holopeidae
149972,Holoptychiidae
60668,Holothuriidae
155450,Holotrachelidae
258316,Homalodontidae
133738,Homalonotidae
93038,Homoceratidae
86728,Homocrinidae
119379,Homoctenidae
93838,Homolidae
219789,Homolodromiidae
97848,Hoplitidae
57140,Hormotomidae
118774,Horneridae
321330,Huananaspidae
93271,Huananoceratidae
94460,Hudsonasteridae
82574,Huenellidae
126600,Hunanopectinidae
133814,Hungaiidae
127087,Hungarithecidae
86675,Hungaritidae
290857,Hurdiidae
122575,Huroniidae
340254,Hyalogyrinidae
191618,Hyalonematidae
85329,Hyalostellidae
148472,Hyattoceratidae
307794,Hybocrinidae
210086,Hybodontidae
206369,Hydnodictyidae
60680,Hydrobiidae
60681,Hydrocenidae
113645,Hygromiidae
90428,Hyolithellidae
96137,Hyolithidae
198632,Hypagnostoidae
129501,Hyphasmoporidae
80985,Hypocrinidae
156647,Hypolophidae
168428,Hyposaleniidae
91442,Hypothalassiidae
126059,Hypothyridinidae
58328,Hypseloconidae
125081,Hypsomoniidae
60693,Hyriidae
57641,Hysterolitidae
133751,Hystricuridae
60695,Icanotiidae
121381,Ichthyodectidae
206498,Ichthyokentemidae
106986,Ichthyosarcolitidae
220146,Ichthyotringidae
123412,Icriodontidae
110631,Ictaluridae
133763,Idahoiidae
322052,Idiognathodontidae
108079,Idiostromatidae
98566,Idmoneidae
70850,Igarkiellidae
264430,Ikeyaparchitidae
124262,Illaenidae
154954,Illaenuridae
92635,Ilyocyprididae
83508,Imbrexiidae
327944,Immergentiidae
58402,Imoglobidae
223585,Inachoididae
90410,Indianidae
170744,Indivisiidae
148423,Indocrinidae
96142,Inflaticornidae
81195,Ingelarellidae
242013,Iniopterygidae
126054,Innaechiidae
60714,Inoceramidae
130635,Inopinatarculidae
201758,Inouyiidae
89112,Intersmiliidae
69506,Intihuarellidae
92962,Intoceratidae
56441,Intrasporeocoeliidae
86651,Inyoitidae
319910,Iocrinidae
249973,Ionoscopidae
60717,Iravadiidae
54181,Isastraeidae
81738,Isastreidae
60720,Ischnochitonidae
119040,Ischnoptygmatidae
58677,Ischyriniidae
86681,Isculitidae
136476,Isididae
60722,Isoarcidae
241778,Isochilinidae
155374,Isocolidae
58167,Isocrinidae
109394,Isocyprinidae
124117,Isogrammidae
259422,Isorophinidae
305642,Isselicrinidae
83023,Istiophoridae
86860,Isuridae
60738,Itieriidae
155361,Ityophoridae
118018,Jaekelotodontidae
155057,Jakutidae
244560,Jalodontidae
151680,Janassidae
60741,Janthinidae
86678,Japonitidae
82998,Jereicidae
100976,Joannitidae
127900,Jovellaniidae
154134,Judomiidae
60745,Juliidae
185589,Juraphyllitidae
256289,Jurapseudidae
127386,Juvavellidae
86916,Juvavitidae
84435,Kalenteridae
162217,Kaliobullitidae
155469,Kaolishaniidae
148187,Karagandoceratidae
127912,Karoceratidae
127053,Karpinskiidae
176949,Kashmiritidae
149868,Katoporididae
125082,Kayserellidae
126941,Kayseriidae
165687,Kellettinidae
60755,Kelliellidae
60756,Kelliidae
166310,Kepingophyllidae
292195,Kerocytheridae
113917,Ketophyllidae
70851,Khairkhaniidae
114000,Khmeriidae
86791,Khvalynitidae
130685,Kingenidae
133733,Kingstoniidae
144107,Kionoceratidae
57659,Kirengellidae
180819,Kirkbyellidae
142889,Kirkbyidae
92894,Kirsoceratidae
111543,Kittlidiscidae
113879,Kiziliidae
86995,Klamathitidae
104738,Klasmuridae
327975,Kleidionellidae
166750,Kleopatrinidae
166220,Kloedenellidae
184670,Knemiceratidae
142841,Knoxitidae
106833,Kobyastraeidae
259678,Kockelellidae
113892,Kodonophyllidae
92850,Koenenitidae
123802,Kolymiidae
84862,Komiellidae
126923,Koninckinidae
128301,Koninckioceratidae
115801,Koninckocariniidae
271154,Kootenichelidae
300385,Kosmoceratidae
93208,Kosmoclymeniidae
82575,Kossmaticeratidae
172568,Kozurellidae
130735,Kraussinidae
305773,Krithidae
218833,Kstutocrinidae
163504,Kuehnitidae
65274,Kuskokwimiidae
124239,Kutorginidae
113918,Kyphophyllidae
167512,Kyrshabaktellidae
123848,Labaiidae
126837,Laballidae
86771,Labeceratidae
108043,Labechiidae
80708,Labridae
110327,Laccophyllidae
118665,Lacernidae
113084,Ladamarekiidae
118585,Ladinulidae
126085,Ladogiidae
58639,Laevidentaliidae
244244,Laevitrigoniidae
60775,Laganidae
87477,Lahillidae
126105,Lambdarinidae
113898,Lambelasmatidae
309603,Lambeoceratidae
60784,Lamelliphoridae
123004,Lamellorthoceratidae
118029,Lamiostomatidae
80587,Lamnidae
253113,Lancedelliidae
86653,Lanceolitidae
271149,Lanceoporidae
258599,Lanternocrinidae
217965,Laomediidae
90437,Lapworthellidae
94463,Lapworthuridae
130696,Laqueidae
82897,Lasaeidae
92813,Latanarcestidae
60794,Laternulidae
266395,Latimeriidae
53610,Latomeandridae
111566,Laubellidae
60801,Laubierinidae
219973,Laudonocrinidae
277760,Laugiidae
127283,Lazutkiniidae
328502,Lebetodiscidae
70279,Lecanellidae
86690,Lecanitidae
128201,Lechritrochoceratidae
147670,Lecythocaridae
60812,Leiopectinidae
124135,Leiorhynchidae
124916,Leioriidae
87641,Leiostegiidae
58301,Lemniscateridae
258600,Leocrinidae
302277,Lepadidae
142248,Leperditiidae
60817,Lepetellidae
60819,Lepetidae
101954,Lepidasteridae
163253,Lepidesthidae
86959,Lepidocentridae
58229,Lepidopleuridae
90708,Lepidosirenidae
99764,Lepidosteidae
308316,Lepidotidae
126864,Lepismatinidae
63030,Lepisosteidae
118674,Lepraliellidae
98599,Lepraliidae
124284,Leptaenoideidae
85004,Leptellinidae
103914,Leptestiidae
218826,Leptocarphiidae
106328,Leptochitonidae
125923,Leptocoeliidae
332830,Leptocytheridae
99514,Leptolepididae
150995,Leptomitidae
60824,Leptonidae
82396,Leptostrophiidae
103673,Lepyriactinidae
70853,Lesueurillidae
81517,Leucopsacasiidae
106820,Leucopsacidae
156902,Leucosiidae
97850,Leymeriellidae
155077,Lichakephalidae
126854,Licharewiidae
87596,Lichenariidae
118775,Lichenoporidae
123406,Lichidae
114487,Limacidae
60848,Limacinidae
60868,Limidae
244161,Limipectinidae
57422,Limnadiidae
98335,Limnocytheridae
60871,Limopsidae
113910,Lindstroemiidae
163605,Linguaserridae
124192,Lingulasmatidae
124191,Lingulellotretidae
89404,Lingulidae
151354,Lingulocystidae
125095,Linoporellidae
81131,Linoproductidae
198363,Lioestheriidae
215000,Liosomeniidae
155000,Liostracinidae
60899,Liotiidae
69501,Lipanellidae
185590,Liparoceratidae
110592,Liroceratidae
95218,Lisaniidae
130472,Lissajousithyrididae
127056,Lissatrypidae
249636,Lissoceratidae
289827,Listracanthidae
60909,Lithiotidae
91424,Lithodidae
224506,Lithophylacidae
110424,Lithostrotionidae
120378,Litiopidae
225887,Litocheiridae
255724,Litogastroidae
60935,Littorinidae
128189,Lituitidae
93273,Liuchengoceratidae
151333,Liwiidae
155007,Llanoaspididae
86933,Lobitidae
130459,Loboidothyrididae
130475,Lobothyrididae
150121,Loganelliidae
258583,Loligosepiidae
80810,Lonchidiidae
133815,Lonchocephalidae
86688,Longobarditidae
147673,Longodromitidae
211595,Longusorbiidae
110478,Lonsdaleiidae
210689,Lophiidae
108051,Lophiostromatidae
115076,Lophophyllidae
110339,Lophophyllidiidae
56479,Lophospiridae
149142,Lophotichiidae
155544,Lorenzellidae
209057,Loricariidae
266068,Lotidae
60954,Lottiidae
168541,Loveniidae
128018,Lowoceratidae
82109,Loxoconchidae
57136,Loxonematidae
58022,Luciellidae
60971,Lucinidae
208851,Luganoiidae
80506,Luidiidae
319049,Lumbrinereidae
204597,Lumectospongiidae
60977,Lunulacardiidae
118703,Lunulariidae
110168,Lunulicardiidae
83511,Lunulitidae
303379,Luolishaniidae
266302,Lutjanidae
124972,Lycophoriidae
197684,Lycopteridae
129382,Lyelliceratidae
112595,Lykophyllidae
83640,Lymnaeidae
60990,Lymnocardiidae
60994,Lyonsiidae
332028,Lyoporidae
145683,Lyracystidae
60997,Lyrodesmatidae
129691,Lytoceratidae
82926,Lyttoniidae
125924,Machaerariidae
113652,Macluritidae
300322,Macrocephalitidae
166233,Macrocyprididae
151349,Macrocystellidae
226055,Macrophthalmidae
211600,Macropipidae
327133,Macroporidae
130400,Macroscaphitidae
99761,Macrosemiidae
266066,Macrouridae
61026,Mactridae
61028,Mactromyidae
70176,Maeandrostiidae
92870,Maenioceratidae
259432,Maennilicrinidae
61030,Magilidae
142495,Maikhanellidae
119691,Maizaniidae
91421,Majidae
61034,Malleidae
61035,Malletiidae
204105,Malumispongiidae
130609,Mametothyrididae
118704,Mamilloporidae
122479,Manchuroceratidae
128022,Mandaloceratidae
61042,Manzanellidae
91612,Maotianshaniidae
142243,Mapaniidae
93121,Marathonitidae
348037,Marcopoloichthyidae
118705,Margarettidae
58330,Margarophylliidae
61053,Marginellidae
133740,Marjumiidae
223195,Marocarcinidae
81702,Martiniidae
129112,Mathildellidae
61072,Mathildidae
76763,Mattheviidae
90260,Maturifusidae
124226,Matutellidae
223516,Matutidae
202304,Mawsoniidae
87345,Maxigoniatitidae
92933,Maximitidae
267000,Maychellidae
180828,Maychellinidae
117331,Meandriidae
81748,Meandrinidae
149124,Mecochiridae
93247,Medlicottiidae
123472,Meekellidae
58032,Meekospiridae
83151,Megachasmidae
133081,Megacrioceratidae
61078,Megadesmidae
61080,Megalodontidae
180557,Megalopidae
130659,Meganterididae
86667,Megaphyllitidae
188080,Megarhizidae
305315,Megateuthididae
130708,Megathyrididae
244246,Megatrigoniidae
82326,Melagathiceratidae
266080,Melamphaidae
61084,Melanellidae
71685,Melaniidae
120373,Melanopsidae
168493,Mellitidae
216556,Melocrinidae
61090,Melongenidae
328998,Membranicellariidae
82189,Membraniporidae
244784,Menaspidae
191243,Menidae
154829,Menneraspidae
95114,Menomoniidae
340686,Mentzeliidae
121188,Meristellidae
126905,Meristidae
133671,Merlucciidae
107145,Merulinidae
61103,Mesodesmatidae
140621,Mesohibolitidae
102303,Mesopalaeasteridae
304720,Mesoprosopidae
317872,Mesotrypidae
147478,Mespilocrinidae
100274,Mesturidae
120328,Metacerithiidae
155677,Metadoxididae
133736,Metagnostidae
93078,Metalegoceratidae
86818,Metasibiritidae
70855,Metoptomatidae
118706,Metrarabdotosidae
110325,Metriophyllidae
218303,Micheleidae
81476,Micheliniidae
351280,Mickwitziidae
105043,Micrabaciidae
168526,Micrasteridae
329809,Microcarididae
58773,Microdomatidae
61123,Micromelaniidae
347515,Micropilinidae
98585,Microporellidae
98582,Microporidae
53608,Microsolenidae
185925,Migmasteridae
88836,Milacidae
57038,Milleporellidae
113740,Milleporidae
88903,Millericrinidae
165670,Miltonellidae
92809,Mimagoniatitidae
92802,Mimoceratidae
92796,Mimosphinctidae
70287,Minchinellidae
102344,Miocidaridae
124480,Mirandellidae
142553,Misistellidae
304650,Miskoiidae
155375,Missisquoiidae
206536,Mithracitidae
61164,Mitridae
117669,Mitsukurinidae
68891,Mobergellidae
265807,Mochokidae
106645,Modiolopsidae
61173,Modiomorphidae
61174,Modulidae
83304,Molidae
61177,Molpadiidae
83296,Monacanthidae
101370,Monasteridae
93154,Mongoloceratidae
231518,Monkaspididae
306248,Monograptidae
87437,Monophorasteridae
61187,Monopleuridae
329713,Monoporellidae
61189,Monotidae
61190,Montacutidae
310910,Montastraeidae
82384,Monticuliferidae
317073,Monticuliporidae
53614,Montlivaltiidae
61197,Mopaliidae
266069,Moridae
131421,Mormyridae
266305,Moronidae
301675,Morphoceratidae
321974,Mosaethyrididae
286973,Moselopteridae
199551,Mosquoceratidae
113893,Mucophyllidae
123799,Mucrospiriferidae
134144,Muensterellidae
81744,Muensteroceratidae
266192,Mugilidae
130600,Muirwoodellidae
180587,Mullericeratidae
244279,Mulleriidae
119346,Multiconidae
116347,Multisoleniidae
117608,Multisparsidae
122306,Multithecoporidae
259174,Munididae
256155,Munidopsidae
143703,Muniericeratidae
132681,Muraenidae
278225,Murchisonellidae
57203,Murchisoniidae
61223,Muricidae
58782,Mussidae
61231,Myalinidae
66158,Mycteropidae
82267,Myctophidae
61232,Myidae
80577,Myliobatidae
61234,Myochamidae
135444,Myodakryotidae
165267,Myophorellidae
61239,Myophoricardiidae
61240,Myophoriidae
247261,Myriacanthidae
118707,Myriaporidae
161567,Myriotrochidae
61245,Mysidiellidae
127800,Mysterioceratidae
125083,Mystrophoridae
61248,Mytilidae
307918,Myxillidae
111116,Nacellidae
155460,Namanoiidae
86692,Nannitidae
154072,Narcinidae
122482,Narthecoceratidae
61264,Nassariidae
86695,Nathorstitidae
61317,Naticidae
124237,Naukatidae
93682,Nautilidae
94709,Necrocarcinidae
297011,Nectocarididae
117804,Negoporitidae
168640,Neitheidae
112070,Nelegerocornidae
154135,Neltneriidae
80979,Nematotrypidae
318886,Nemavermidae
266324,Nemipteridae
106815,Nenoticidaridae
194478,Neoceratodontidae
113877,Neocolumnariidae
64671,Neocomitidae
61339,Neocyclotidae
162990,Neocytherideidae
93034,Neodimorphoceratidae
93005,Neoglyphioceratidae
93074,Neoicoceratidae
153788,Neolaganidae
61340,Neoleptonidae
61341,Neomiodontidae
81183,Neomorphasteridae
101359,Neopalaeasteridae
82918,Neoretziidae
135993,Neoschismatidae
155359,Nepeidae
88801,Nephelograptidae
128202,Nephriticeratidae
82350,Nephropidae
351506,Nephtheidae
319046,Nephtyidae
90747,Neptuneidae
128406,Neptunoceratidae
276402,Neridomidae
61352,Nerineidae
61353,Nerinellidae
141021,Neritariidae
61374,Neritidae
116315,Neritiliidae
61383,Neritopsidae
81804,Nerrhenidae
113635,Neuroporidae
151322,Nevadiidae
121030,Newtoniellidae
127696,Nikiforovellidae
124263,Nileidae
125916,Niorhynicidae
124241,Nisusiidae
110204,Nododelphinulidae
186929,Nodophilomedidae
270815,Nodopolycopidae
147683,Nodoprosopidae
61404,Noetiidae
92988,Nomismoceratidae
92856,Nordiceratidae
185562,Nordophiceratidae
126981,Norellidae
86810,Noridiscitidae
235704,Noritidae
322633,Noritubispongiidae
306260,Normalograptidae
155376,Norwoodiidae
95937,Nostoceratidae
127902,Nothoceratidae
80584,Notidanidae
98356,Notodromadidae
53979,Notopteridae
127015,Notosariidae
123793,Notothyrididae
119392,Nowakiidae
173395,Nuchidae
130622,Nucleatidae
153762,Nucleolitidae
110361,Nucleospiridae
61453,Nuculanidae
112894,Nucularcidae
61454,Nuculidae
302167,Nursallidae
90122,Nystiellidae
241980,Obaichthyidae
123442,Obolellidae
68767,Obolidae
123327,Obturamentellidae
126741,Ochmazochitonidae
126989,Ochotorhynchiidae
81747,Oculinidae
68996,Ocypodidae
63010,Odontaspididae
56895,Odontopleuridae
301237,Oecoptychiidae
91509,Offacolidae
70170,Olangocoeliidae
131154,Olcostephanidae
90394,Olenellidae
82598,Olenidae
168416,Oligopygidae
125915,Oligorhynchiidae
121084,Olivellidae
61486,Olividae
61489,Omalaxidae
151514,Omalodontidae
61490,Omalogyridae
311511,Omanasteridae
61494,Omphalocirridae
57028,Omphalotrochidae
69156,Oncoceratidae
111608,Oncousoeciidae
104754,Onychasteridae
118659,Onychocellidae
58668,Onychochilidae
227396,Onychodontidae
351164,Onychopterellidae
147779,Oonoceratidae
131152,Oosterellidae
330793,Opesiulidae
80872,Ophiacanthidae
80846,Ophiactidae
149310,Ophiceratidae
81141,Ophidiasteridae
82269,Ophididae
133543,Ophidiidae
N/A,Ophidioceratidae
57163,Ophiletidae
80859,Ophiocomidae
80857,Ophiodermatidae
80854,Ophiolepididae
80864,Ophiomyxidae
307153,Ophiopsidae
208738,Ophiopsiidae
80862,Ophiothricidae
80868,Ophiuridae
103936,Ophiurinidae
113222,Opisthonematidae
55372,Opisthophyllidae
266194,Opistognathidae
266306,Oplegnathidae
215144,Oplophoridae
96536,Oppeliidae
143353,Oppelismiliidae
266606,Orbiporidae
61507,Orbitestellidae
118709,Orbituliporidae
327496,Orculidae
96095,Ordosiidae
77407,Oreasteridae
63015,Orectolobidae
223673,Oregoniidae
135544,Oreohelicidae
56950,Oriostomatidae
103405,Ormoceratidae
199076,Orodontidae
198569,Orometopidae
131669,Orthacodontidae
264741,Orthalicidae
82652,Orthidae
124973,Orthidiellidae
103321,Orthoceratidae
346078,Orthogonikleithridae
85088,Orthonematidae
68928,Orthonemidae
61517,Orthonotidae
70857,Orthonychiidae
168414,Orthopsidae
125922,Orthorhynchulidae
124120,Orthotetellidae
87270,Orthotetidae
104565,Orthothecidae
130888,Orthotomidae
96199,Orthrozanclidae
93064,Orulganitidae
95230,Oryctocephalidae
329812,Ostenocarididae
131692,Ostenoselachidae
53976,Osteoglossidae
149973,Osteolepididae
127968,Ostraciidae
61529,Ostreidae
118711,Otionellidae
86647,Otoceratidae
154379,Otodontidae
301229,Otoitidae
307150,Ottoiidae
123877,Overtoniidae
61540,Ovulidae
310341,Oxopleciidae
193695,Oxynoticeratidae
61544,Oxytomidae
110496,Oziidae
186543,Pachastrellidae
97076,Pachycardiidae
264068,Pachyceratidae
61552,Pachychilidae
93187,Pachyclymeniidae
99762,Pachycormidae
82577,Pachydiscidae
170810,Pachydomellidae
302306,Pachylasmatidae
123544,Pachylocrinidae
84222,Pachyphyllidae
81479,Pachyporidae
121379,Pachyrhizodontidae
81371,Pachyteichismatidae
122500,Padunoceratidae
127309,Paeckelmanellidae
253040,Pagodatrochidae
155006,Pagodiidae
147773,Paguridae
272119,Paguridea
61561,Paladmetidae
87612,Palaeacidae
102306,Palaeasteridae
168791,Palaechinidae
182769,Palaeobelemnopsidae
244363,Palaeocarditidae
163372,Palaeocaudinidae
127269,Palaeochoristitidae
211573,Palaeocorystidae
161956,Palaeocucumariidae
112992,Palaeocyclidae
81473,Palaeofavosiporidae
63604,Palaeolabridae
154941,Palaeolenidae
61564,Palaeomutelidae
141006,Palaeonaricidae
69031,Palaeoniscidae
184668,Palaeopemphidae
218362,Palaeopentachelidae
168988,Palaeophreatoicidae
86780,Palaeophyllitidae
122120,Palaeoporitidae
133670,Palaeorhynchidae
121007,Palaeorissoinidae
85340,Palaeoscolecidae
115427,Palaeosmiliidae
168691,Palaeostomatidae
119004,Palaeostylidae
68673,Palaeotrochidae
91441,Palaeoxanthopsidae
57137,Palaeozygopleuridae
101201,Palaeuridae
127050,Palaferellidae
102860,Palasterinidae
103669,Palasteriscidae
162951,Palelpidiidae
116159,Paleoalveolitidae
122214,Paleocyclidae
93914,Paleolimulidae
142295,Paleomeridae
168545,Paleopneustidae
245152,Paleospinacidae
331994,Palermoceratidae
70281,Palermocoeliidae
94234,Palinuridae
113887,Paliphyllidae
259697,Palmatolepidae
70323,Pamiroseriidae
133818,Panderiidae
337059,Panderodontidae
61581,Pandoridae
68965,Panopeidae
350401,Panxianichthyidae
155754,Papyriaspididae
128405,Parabactritidae
133752,Parabolinoididae
86643,Paraceltitidae
122376,Paracenoceratidae
122571,Paraclupeidae
136797,Paracomatulidae
271079,Paracyprididae
82110,Paracytherideidae
198353,Paradelocrinidae
133755,Paradoxididae
171036,Paragaricocrinidae
93085,Paragastrioceratidae
185522,Paragoceratidae
84970,Parahoplitidae
266150,Paralichthyidae
313251,Parallelasmatidae
125141,Parallelelasmatidae
61605,Parallelodontidae
350479,Paranautilidae
126091,Paranorellidae
82452,Paranoritidae
119387,Paranowakiidae
112769,Paraparchitidae
127793,Paraphragmitidae
347235,Paraplesiobatidae
86666,Parapopanoceratidae
229030,Parapylochelidae
168443,Parasaleniidae
131693,Parascylliidae
99728,Parasemionotidae
93106,Parashumarditidae
93994,Parasmiliidae
307431,Parasphaeronitiidae
81193,Paraspiriferinidae
116355,Parastriatoporidae
151039,Parastromatoporidae
125139,Parastrophinidae
286984,Parastylonuridae
200893,Parastylothalamiidae
87020,Parathisbitidae
61614,Paraturbinidae
327823,Parauloceratidae
93215,Parawocklumeriidae
126922,Parazygidae
61617,Parilimyidae
301674,Parkinsoniidae
327487,Parmacellidae
92882,Parodoceratidae
206549,Parthenopidae
145136,Parvancorinidae
270856,Parvikirkbyiidae
305353,Passaloteuthididae
118688,Pasytheidae
113085,Patelliconidae
61636,Patellidae
86730,Patelliocrinidae
124212,Paterinidae
87275,Paterulidae
125084,Paurorthidae
103063,Pauxillitidae
61660,Pectinidae
83143,Pectiniidae
305779,Pectocytheridae
81184,Pedicellasteridae
163613,Pediculacaudinidae
111146,Pediculariidae
168410,Pedinidae
94902,Peipiaosteidae
65406,Pelagiellidae
123566,Pelecocrinidae
96203,Pelicaspongiidae
204192,Peltopleuridae
266349,Pempheridae
215942,Pemphicidae
168923,Penaeidae
119413,Peneauiidae
126861,Pennospiriferinidae
305986,Pentacrinitidae
110296,Pentameridae
115072,Pentaphyllidae
123303,Pentasmiliidae
321301,Pentathyraspididae
205760,Pentremitidae
65554,Percichthyidae
83660,Percidae
155241,Percopsidae
126117,Peregrinellidae
61676,Pergamidiidae
87349,Pericyclidae
259517,Periechocrinidae
214855,Periechocrinitidae
81492,Periphaceloporidae
61680,Periplomatidae
71770,Perisphinctidae
121055,Perissityidae
149845,Perleididae
124871,Permianellidae
310717,Permonautilidae
270818,Permopolycopidae
85483,Peronopsidae
270827,Perprimitiidae
81861,Perrinitidae
61691,Personidae
68622,Perunelidae
112995,Petalaxidae
125045,Petalodontidae
126088,Petasmariidae
126830,Petasmatheridae
110328,Petraiidae
331152,Petraliellidae
329282,Petraliidae
184037,Petraphyllidae
244417,Petricolina
82991,Petrosiidae
92876,Petteroceratidae
56891,Phacopidae
136529,Phaenoschismatidae
153963,Phalacromidae
54456,Phanerotrematidae
92873,Pharciceratidae
70151,Pharetrospongiidae
61700,Pharidae
133765,Pharostomatidae
61704,Phasianellidae
61709,Phenacolepadidae
118702,Phidoloporidae
114659,Phillipsastreidae
85866,Phillipsiidae
61719,Philobryidae
186940,Philomedidae
151498,Phoebodontidae
125925,Phoenicitoechiidae
61721,Pholadidae
98492,Pholadomyacidae
61725,Pholadomyidae
99742,Pholidophoridae
208832,Pholidopleuridae
310999,Pholidostrophidae
121072,Pholidotomidae
265828,Phosichthyidae
104734,Phragmactinidae
128020,Phragmoceratidae
151318,Phragmochaetidae
80649,Phragmocoeliidae
337077,Phragmodontidae
124987,Phragmorthidae
134174,Phragmoteuthididae
257702,Phricodoceratidae
147267,Phthanoncoceratidae
266070,Phycidae
150795,Phylactellidae
133757,Phylacteridae
86842,Phylloceratidae
81756,Phyllocoeniidae
63036,Phyllodontidae
150201,Phyllograptidae
207634,Phyllolepidae
61735,Phyllophoridae
136181,Phylloporinidae
187547,Phymaraphiniidae
186488,Phymatellidae
183937,Phymatoceratidae
70858,Phymatopleuridae
148757,Phymosomatidae
83645,Physidae
61740,Pickworthiidae
154960,Pilekiidae
116260,Pileolidae
70210,Pileolitidae
135945,Pillaraspongiidae
122477,Piloceratidae
63285,Pilumnidae
83788,Pimelodidae
92823,Pinacitidae
86685,Pinacoceratidae
117327,Pinacophyllidae
61764,Pinnidae
63289,Pinnotheridae
205697,Piraniidae
129874,Pirasocrinidae
224872,Pirimelidae
61770,Pisanianuridae
120384,Pisocrinidae
70859,Pithodeidae
61786,Placenticeratidae
180818,Placideidae
81739,Placocoeniidae
113623,Placophylliidae
61791,Placunidae
86569,Plaesiomyidae
111610,Plagioeciidae
84237,Plagioptychidae
70860,Plagiothyridae
273430,Plakinidae
61797,Planaxidae
61802,Planitrochidae
61804,Planorbidae
122113,Plasmoporellidae
87608,Plasmoporidae
130715,Platidiidae
54460,Platyceratidae
215955,Platychelidae
70273,Platychoniidae
93191,Platyclymeniidae
113761,Platycrinitidae
118731,Platyglenidae
264786,Platylenticeratidae
302315,Platylepadidae
125085,Platyorthidae
131684,Platyrhinidae
99504,Platysiagidae
99756,Platysomidae
124988,Platystrophiidae
314162,Platyterorhynchidae
124325,Plectambonitidae
103407,Plectoceratidae
130463,Plectoconchidae
115316,Plectonotidae
335520,Plectopylidae
126083,Plectorhynchellidae
86570,Plectorthidae
122457,Plectronoceratidae
111059,Pleisotrochidae
183519,Plerodiffiidae
82985,Pleromatidae
82375,Plerophyllidae
61814,Plesiotrochidae
121382,Plethodidae
155002,Plethopeltidae
61815,Plethospiridae
61818,Pleurobranchidae
120621,Pleuroceridae
161946,Pleuroceriidae
259429,Pleurocystitidae
135058,Pleurodontidae
61825,Pleuromyidae
208119,Pleuronautilidae
266151,Pleuronectidae
93287,Pleuronodoceratidae
99745,Pleuropholidae
111716,Pleurotomariidae
97380,Pleurotomidae
259244,Plicatocrinidae
61832,Plicatulidae
68945,Plicatusidae
187562,Plinthosellidae
124266,Pliomeridae
172704,Plumulitidae
66010,Pocilloporidae
243982,Polidevciidae
61882,Pollicidae
147749,Pollicinidae
56960,Polyacrodontidae
70286,Polyactinellidae
189378,Polyblastidiidae
321309,Polybranchiaspididae
218365,Polychelidae
110329,Polycoeliidae
108811,Polyconitidae
169427,Polycopidae
119383,Polycylindritidae
240002,Polycyrtaspididae
122511,Polydesmiidae
127931,Polyelasmoceratidae
123408,Polygnathidae
251925,Polygyridae
142973,Polymeridae
266073,Polymixiidae
194023,Polymorphitidae
266163,Polynemidae
63619,Polyodontidae
86702,Polyporidae
131419,Polypteridae
132083,Polyptychitidae
70247,Polysiphonidae
62967,Polytholosiidae
124911,Polytoechiidae
111717,Polytremariidae
322508,Polytubithalamiidae
204728,Polzbergiidae
266308,Pomacanthidae
61885,Pomatiasidae
120958,Pomatiidae
61886,Pomatiopsidae
83266,Pomatomidae
90116,Pommerozygiidae
92833,Ponticeratidae
126828,Pontisiidae
259381,Pontocyprididae
93151,Popanoceratidae
120624,Popenellidae
125132,Porambonitidae
124977,Poramborthidae
77316,Poraniidae
150144,Poraspididae
89027,Porcellanidae
57196,Porcelliidae
118714,Poricellariidae
118685,Porinidae
54202,Poritidae
61890,Poromyidae
70862,Portlockiellidae
58206,Portunidae
61891,Posidoniidae
130602,Postepithyrididae
92896,Posttornoceratidae
225982,Potamidae
61893,Potamididae
226006,Potamonautidae
127922,Poterioceratidae
214929,Poteriocrinidae
129873,Poteriocrinitidae
221044,Poupiniidae
101198,Pradesuridae
130709,Praeargyrothecidae
61898,Praecardiidae
92915,Praeglyphioceratidae
61902,Praenuculidae
113781,Pragoscutulidae
114681,Preacanthochitonidae
70225,Preperonidellidae
304661,Priapulidae
165685,Primitiidae
245363,Prioniodidae
82370,Prionitidae
87343,Prionoceratidae
126820,Prionorhynchiidae
120391,Prisciphoridae
161991,Priscopedatidae
63612,Pristidae
83112,Pristiophoridae
149826,Pristodontidae
265295,Proarcestidae
155209,Proasaphiscidae
127819,Probillingsitidae
70863,Procarinariidae
86665,Procarnitidae
61908,Procerithiidae
337092,Proconodontidae
112532,Proconulidae
119415,Procorniculinidae
70335,Procyclolitidae
122241,Prodentaliidae
92929,Prodromitidae
82924,Productellidae
82774,Productidae
124979,Productorthidae
56726,Proetidae
163001,Progonocytheridae
122115,Proheliolitidae
87341,Prolecanitidae
92943,Prolobitidae
184967,Prolyelliceratidae
103675,Promopalaeasteridae
93235,Pronoritidae
61910,Propeamussiidae
205854,Prophyllocrinidae
264070,Proplanulitidae
65507,Proplinidae
87602,Proporidae
82347,Proptychitidae
68956,Propupaspiridae
125087,Proschizophoriidae
131695,Proscylliidae
165262,Prosogyrotrigoniidae
138971,Prosopidae
155776,Prosopiscidae
87029,Prosphingitidae
65204,Prospondylidae
94466,Prospondylidea
120622,Prostyliferidae
245141,Protacrodontidae
130064,Protancyloceratidae
216139,Protastacidae
101463,Protasteridae
253317,Protencrinidae
103403,Proteoceratidae
122374,Proterocameroceratidae
195272,Protetraclisidae
86694,Proteusitidae
307392,Protocrinitidae
72351,Protoculidae
122461,Protocycloceratidae
162922,Protocytheridae
70446,Protoheterastraeidae
296118,Protolenidae
149925,Protopteraspididae
266401,Protopteridae
82512,Protorculidae
124913,Protorthidae
168477,Protoscutellidae
131677,Protospinacidae
96213,Protospongiidae
128694,Protozaphrentidae
127067,Protozygidae
119048,Provannidae
61938,Psammobiidae
225074,Psammocarcinidae
125046,Psammodontidae
149935,Psammosteidae
244781,Psephodontidae
85439,Pseudagnostidae
148183,Pseudarietitidae
329706,Pseudidmoneidae
203322,Pseudobeaconiidae
58110,Pseudobigaleaidae
307151,Pseudocarchariidae
61948,Pseudocardiniidae
92895,Pseudoclymeniidae
61953,Pseudococculinidae
270884,Pseudocytheridae
206424,Pseudodalatiidae
167184,Pseudodiadematidae
83141,Pseudodielasmatidae
116344,Pseudofavositidae
92934,Pseudohaloritidae
108067,Pseudolabechiidae
204093,Pseudolanciculidae
84744,Pseudolingulidae
87587,Pseudolividae
61968,Pseudomelaniidae
121088,Pseudomelatomidae
61970,Pseudomonotidae
122375,Pseudonautilidae
131674,Pseudonotidanidae
93025,Pseudoparalegoceratidae
187313,Pseudoparaparchitidae
115817,Pseudopavonidae
57201,Pseudophoridae
119626,Pseudoplasmoporidae
280560,Pseudorhinidae
58424,Pseudorthoceratidae
70867,Pseudorthonychiidae
253122,Pseudoschizogoniidae
86644,Pseudotirolitidae
130581,Pseudotissotidae
130582,Pseudotissotiidae
117655,Pseudotriakidae
253034,Pseudoturcicidae
191511,Pseudoverruculinidae
253118,Pseudowortheniellidae
91418,Pseudoziidae
95988,Pseudozygopleuridae
123850,Psilocamaridae
100262,Psiloceratidae
61982,Psolidae
141953,Psychocidaridae
110470,Ptenophyllidae
149944,Pteraspididae
81167,Pterasteridae
61995,Pteriidae
61996,Pterineidae
61997,Pterinopectinidae
161557,Pterocardiidae
84716,Pterocephaliidae
181254,Pteromidae
70868,Pterothecidae
82266,Pterothrissidae
62002,Pterotracheidae
133731,Pterygometopidae
142278,Pterygothecidae
303383,Pterygotidae
317879,Ptilodictyidae
316916,Ptilodictyonidae
85401,Ptychagnostidae
82443,Ptychaspididae
92134,Ptychatractidae
86682,Ptychitidae
84989,Ptychoceratidae
57671,Ptychoceratodontidae
124928,Ptychodontidae
99505,Ptycholepididae
253115,Ptychomphalidae
244317,Ptychomyinae
80681,Ptychopariidae
114680,Ptychophyllidae
151914,Ptychotrygonidae
307454,Ptyctodontidae
123376,Pugnacidae
100777,Pulchelliidae
108052,Pulchrilaminidae
62010,Pulsellidae
124874,Pulsiidae
244103,Pulvinitinae
164961,Punctatitidae
127036,Punctatrypidae
333747,Punctidae
83136,Punctospiriferidae
135556,Pupillidae
97552,Purpuridae
62022,Purpurinidae
129091,Pycinasteridae
210644,Pycnodontidae
122119,Pycnolithidae
149959,Pycnosteidae
297932,Pycnosteroididae
113876,Pycnostylidae
168451,Pygasteridae
80740,Pygopidae
208324,Pygopteridae
219787,Pylochelidae
62032,Pyramidellidae
62040,Pyrenidae
87604,Pyrgiidae
287305,Pyrgomatidae
327706,Pyrisinellidae
204317,Pyruspongiidae
88906,Qingyanocrinidae
118708,Quadricellariidae
169419,Quasillitidae
183727,Quasipolycopidae
62065,Quenstedtiidae
81133,Radiasteridae
70135,Radiocelliidae
54440,Radiolitidae
62081,Raetomyidae
84998,Rafinesquinidae
80575,Rajidae
329776,Ralfimartitidae
158235,Ramonalinidae
93033,Ramositidae
315282,Ramseyocrinidae
62082,Ranellidae
142980,Rangeroceratidae
301404,Ranicipitidae
63296,Raninidae
124989,Ranorthidae
124265,Raphiophoridae
111718,Raphistomatidae
341281,Raphitomidae
126849,Rastelligeridae
155367,Raymondinidae
233788,Rebellatricidae
93182,Rectoclymeniidae
169400,Rectonariidae
65496,Redfieldiidae
147961,Redlichiidae
147963,Redlichinidae
65221,Redoniidae
58337,Reimaniphylliidae
298880,Reineckeiidae
114867,Remopleuridae
103546,Remopleurididae
62098,Requieniidae
343280,Reteocrinidae
182569,Reteporinidae
94946,Reticulariidae
81192,Reticulariinidae
93041,Reticuloceratidae
166989,Retiolitidae
63308,Retroplumidae
219577,Retrorsichelidae
62103,Retusidae
126912,Retziellidae
123887,Retziidae
330227,Revalotrypidae
122239,Rhabdidae
86825,Rhabdoceratidae
58212,Rhabdocidaridae
199151,Rhabdodermatidae
90680,Rhabdolepidae
80977,Rhabdomesidae
317058,Rhabdomesontidae
124990,Rhactorthidae
199100,Rhadinichthyidae
253116,Rhaphistomellidae
292841,Rhenopyrgidae
163598,Rhenosquamidae
83129,Rhincodontidae
268255,Rhinidictyidae
63019,Rhinobatidae
317061,Rhinoporidae
128293,Rhiphaeoceratidae
117923,Rhipidastraeidae
130665,Rhipidiothyrididae
54178,Rhipidogyridae
81161,Rhipidomellidae
81743,Rhizangiidae
216551,Rhodocrinidae
203957,Rhodocrinitidae
111382,Rhombodontidae
80982,Rhomboporidae
136845,Rhombopteriidae
102887,Rhopalocomidae
93012,Rhymmoceratidae
131683,Rhynchobatidae
80697,Rhynchonellidae
126110,Rhynchoporidae
126920,Rhynchospirinidae
126817,Rhynchotetradidae
86574,Rhynchotrematidae
84730,Rhyssometopidae
114374,Rhytidopilidae
58675,Ribeiriidae
123797,Richthofeniidae
124122,Rigbyellidae
86676,Rimkinitidae
62136,Ringiculidae
174124,Rioceratidae
62140,Rissoellidae
62142,Rissoidae
122307,Roemeriidae
118669,Romancheinidae
122130,Romingeriidae
118715,Ropalonariidae
85683,Rorringtoniidae
105326,Rosenellidae
106812,Rossellidae
119352,Rossiitidae
285330,Rostellariidae
163148,Rotasacciidae
249393,Rotopericyclidae
152391,Roveacrinidae
126086,Rozmanariidae
148631,Rudolfoceratidae
127936,Ruedemannoceratidae
186826,Rugaeconidae
81033,Rugosochonetidae
213650,Rutkowskicrinidae
87496,Rutoceratidae
253022,Sabrinellidae
153772,Saccocomidae
204229,Saccospongiidae
90426,Sachitidae
110690,Sactorthoceratidae
135547,Sagdidae
86657,Sageceratidae
133094,Sagenodontidae
244052,Saikraconchidae
259411,Saipanettidae
218830,Salairocrinidae
140498,Salanygolinidae
134854,Saleniidae
265822,Salmonidae
305362,Salpingoteuthididae
70159,Salzburgiidae
200027,Samidae
86816,Sandlingitidae
85265,Sanguinolitidae
321983,Sapphicorhynchidae
89382,Sareptidae
121060,Sarganidae
126856,Sarganostegidae
155835,Sarkiidae
320868,Sassenidae
154827,Saukiandidae
103548,Saukiidae
125096,Saukrodictyidae
99507,Saurichthyidae
127092,Saurodontidae
118694,Savignyellidae
124176,Scacchinellidae
141018,Scalaneritinidae
62180,Scaliolidae
302286,Scalpellidae
156504,Scapanorhynchidae
62186,Scaphandridae
124199,Scaphelasmatidae
62188,Scaphellinidae
95940,Scaphitidae
70873,Scenellidae
133766,Scharyiidae
93054,Schistoceratidae
53908,Schizasteridae
136530,Schizoblastidae
62193,Schizochitonidae
125354,Schizodidae
110208,Schizogoniidae
125097,Schizophoriidae
198319,Schizophoritidae
98591,Schizoporellidae
97849,Schloenbachiidae
100261,Schlotheimiidae
161989,Schlumbergeritidae
127761,Schoenasteridae
246705,Schrenkiellidae
54989,Schuchertellidae
213346,Schyschcatocrinidae
210668,Sciaenidae
62198,Scissurellidae
81364,Scleritodermatidae
186481,Scleritodermidae
305911,Sclerocrinidae
118673,Sclerodomidae
52898,Sclerorhynchidae
314672,Scolenaspididae
187774,Scolioraphididae
57199,Scoliostomatidae
210682,Scombridae
266155,Scophthalmidae
118680,Scorioporidae
65850,Scorpaenidae
165689,Scrobiculidae
83325,Scrupariidae
315962,Scrupocellariidae
98618,Scutellidae
83175,Scyliorhinidae
219220,Scyllaridae
154001,Scyllidae
128367,Scyphoceratidae
94452,Scytalocrinidae
56707,Sebargasiidae
62207,Seguenziidae
327131,Selenariidae
82992,Seliscothonidae
304648,Selkirkiidae
81037,Sellithyrididae
62214,Semelidae
266919,Semicosciniidae
63783,Semionotidae
162759,Semperitidae
124831,Sentosiidae
152922,Sepiidae
126080,Septalariidae
267861,Septatoporidae
127062,Septatrypidae
127016,Septirhynchiidae
128747,Septoporidae
62225,Seraphsidae
54431,Serpulidae
53984,Serranidae
261306,Serrasalmidae
315977,Sertellidae
226118,Sesarmidae
62963,Sestrostomellidae
118728,Setosellidae
120948,Settsassiidae
124308,Shaleriidae
65521,Shelbyoceridae
122464,Shideleroceratidae
342262,Shieliidae
239888,Shirakiellidae
103550,Shumardiidae
93110,Shumarditidae
128383,Siberionautilidae
120646,Sibiriolitidae
86669,Sibiritidae
142953,Siboglinidae
242018,Sibyrhynchidae
154266,Sichuanoceratidae
83680,Siderastreidae
84955,Silesitidae
62242,Siliquariidae
86286,Siluridae
104455,Similothecidae
249622,Simoceratidae
156169,Sinamiidae
142688,Sinoceratidae
114889,Sinograptidae
122132,Sinoporidae
126832,Sinorhynchiidae
126871,Sinucostidae
272970,Sinuiceratidae
58429,Sinuitidae
58512,Sinuopeidae
182827,Siphogonuchitidae
62264,Siphonariidae
118741,Siphonicytaridae
82982,Siphoniidae
82433,Siphonotretidae
127310,Skelidorygmidae
62269,Skeneopsidae
124917,Skenidiidae
136803,Slavidae
286979,Slimonidae
55531,Smilostyliidae
113592,Smilotrochiidae
118710,Smittinidae
92867,Sobolewiidae
62284,Solecurtidae
65852,Soleidae
62288,Solemyidae
62293,Solenidae
57121,Soleniscidae
128366,Solenochilidae
142567,Solenocoeniidae
70157,Solenolmiidae
133819,Solenopleuridae
54322,Solenoporaceae
110856,Sollasellidae
163131,Sollasinidae
168528,Somaliasteridae
151338,Somniosidae
93030,Somoholitidae
257983,Sonniniidae
249612,Sorbinichthyidae
86572,Sowerbyellidae
62299,Sowerbyidae
136779,Spanilidae
145790,Spaniocrinidae
118716,Spanionematidae
210659,Sparidae
98615,Spatangidae
123413,Spathognathodontidae
299632,Spathognathodontodae
121059,Speightiidae
339744,Spengelidae
154064,Sphaeragnostidae
81140,Sphaerasteridae
62301,Sphaeriidae
249630,Sphaeroceratidae
70283,Sphaerocoeliidae
119009,Sphaerodomidae
220948,Sphaerodromiidae
306387,Sphaeronitidae
87403,Sphaeropontiidae
154521,Sphaerorthoceratidae
245148,Sphenacanthidae
93224,Sphenoclymeniidae
95381,Sphenodiscidae
125914,Sphenotretidae
100975,Sphingitidae
122651,Sphooceratidae
83283,Sphyraenidae
83206,Sphyrnidae
126778,Spicidae
153952,Spinagnostidae
127235,Spinocyrtiidae
187296,Spinososioellidae
104322,Spionidae
349871,Spiratellidae
251919,Spiraxidae
81191,Spiriferellidae
123821,Spiriferellinidae
81115,Spiriferidae
110315,Spiriferinidae
301221,Spiroceratidae
93100,Spirolegoceratidae
315970,Spiroporinidae
62306,Spirostylidae
104318,Spirulirostridae
62318,Spondylidae
126845,Spondylospiridae
204076,Spongiidae
70316,Spongiomorphidae
85961,Spongophyllidae
92906,Sporadoceratidae
81306,Sporadopylidae
62322,Sportellidae
142748,Spyroceratidae
81027,Squalidae
100269,Squalorajidae
245136,Squatinactidae
63023,Squatinidae
153314,Squillidae
108088,Stachyoditidae
81309,Stauractinellidae
81209,Stauranderasteridae
86555,Stauriidae
82993,Staurodermatidae
111581,Steginoporellidae
86787,Steinmannitidae
123567,Stellarocrinidae
118547,Stelliporellidae
70239,Stellispongiellidae
70200,Stellispongiidae
216143,Stenochiridae
213351,Stenocrinidae
190051,Stenoporellidae
112024,Stenoporidae
104296,Stenoscismatidae
65601,Stenothecidae
62335,Stenothyridae
298980,Stephanoceratidae
127189,Stereodictyidae
114684,Stereolasmatidae
127801,Stereoplasmoceratidae
300789,Sternoptychidae
266382,Stichaeidae
161952,Stichopitidae
267863,Stictoporellidae
62339,Stiliferidae
96216,Stiodermatidae
85338,Stoibostrombidae
136821,Stolidotidae
109925,Stomachetosellidae
111602,Stomatoporidae
151213,Stomechinidae
265829,Stomiidae
337088,Strachanognathidae
302334,Stramentidae
88853,Straparollinidae
82417,Streblochondriidae
205752,Streblocrinidae
58661,Streptacididae
86508,Streptelasmatidae
177426,Streptelasmidae
87037,Streptosolenidae
62349,Strepturidae
119412,Striatostyliolinidae
123359,Stricklandiidae
298976,Strigoceratidae
130643,Stringocephalidae
110477,Stringophyllidae
70875,Strobeidae
70876,Strobilepidae
114482,Strobilopsidae
129692,Stromatidiidae
108044,Stromatoceriidae
241671,Stromatocystitidae
108076,Stromatoporellidae
108081,Stromatoporidae
62364,Strombidae
141750,Strongylocentrotidae
81110,Strophalosiidae
110278,Stropheodontidae
124355,Strophochonetidae
124305,Strophodontidae
86573,Strophomenidae
124310,Strophonellidae
127303,Strophopleuridae
62379,Struthiolariidae
253112,Stuorellidae
86679,Sturiidae
56893,Styginidae
54147,Stylinidae
119418,Styliolinidae
80999,Stylonuridae
57929,Stylophyllidae
108047,Stylostromatidae
125843,Subrianidae
88834,Subulinidae
58364,Subulitidae
162065,Succineidae
126843,Suessiidae
96138,Sulcavitidae
191845,Sulcoreteporidae
224136,Sunaspididae
205851,Sundacrinidae
167388,Sunnaginiidae
90409,Svealutidae
186933,Swainellidae
80989,Sycocrinitidae
127055,Symmatrypidae
116323,Symmetrocapulidae
149824,Symmoriidae
62401,Synallactidae
164783,Synaptellidae
62402,Synaptidae
162214,Synaptitidae
53612,Synastraeidae
144640,Synbathocrinidae
117251,Synceratidae
124335,Syndielasmatidae
266105,Syngnathidae
88797,Syntrophiidae
116345,Syringolitidae
128363,Syringonautilidae
86558,Syringophyllidae
54332,Syringoporidae
108086,Syringostromatidae
108084,Syringostromellidae
151042,Syringostrominidae
86991,Syringothyrididae
90953,Tabasiidae
103674,Taeniactinidae
120640,Taeniolitidae
124329,Taffiidae
133741,Taihungshaniidae
82009,Tainoceratidae
208521,Takakkawiidae
62417,Tancrediidae
147692,Tanidromitidae
141575,Tannuolinidae
213425,Tantalocrinidae
92836,Taouzitidae
93277,Tapashanitidae
218819,Taranshicrinidae
128187,Tarphyceratidae
94458,Taxocrinidae
130604,Tchegemithyrididae
70158,Tebagathalamiidae
58676,Technophoridae
346840,Tegulidae
130606,Tegulithyrididae
92804,Teicherticeratidae
124259,Telephinidae
62468,Tellinidae
249368,Temertassetiidae
314868,Temnocheilidae
71305,Temnodiscidae
167164,Temnopleuridae
110253,Temnotropidae
127286,Tenellodermidae
224112,Tengfengiidae
119276,Tentaculitidae
81040,Terebrataliidae
86967,Terebratellidae
80701,Terebratulidae
62493,Terebridae
118733,Terebriporidae
62496,Teredinidae
62500,Terquemiidae
331163,Terviidae
118671,Tessaradomidae
333752,Testacellidae
86621,Tethyidae
187325,Tetillidae
123329,Tetracameridae
210727,Tetrachelidae
271167,Tetraclitidae
142112,Tetradellidae
87598,Tetradiidae
95934,Tetragonitidae
225431,Tetraliidae
125128,Tetralobulidae
83298,Tetraodontidae
118734,Tetraplariidae
122305,Tetraporellidae
81036,Tetrarhynchiidae
118712,Teuchoporidae
135009,Texacrinidae
305781,Thaerocytheridae
86806,Thaididae
71688,Thaisidae
118686,Thalamoporellidae
217976,Thalassinidae
93050,Thalassoceratidae
301230,Thamboceratidae
54416,Thamnasteriidae
86696,Thanamitidae
56439,Thaumastocoeliidae
202183,Thaumatocyprididae
53829,Thecideidae
127091,Thecidellinidae
56544,Theciidae
127084,Thecospirellidae
127082,Thecospiridae
87603,Thecostegitidae
162206,Theeliidae
350532,Thenarocrinidae
187332,Theneidae
127263,Theodossiidae
82990,Theonellidae
62516,Thersiteidae
86817,Thetiditidae
62518,Thiaridae
225076,Thiidae
94385,Thiolliericrinidae
86823,Thisbitidae
127443,Thomasariidae
218264,Thomassiniidae
307914,Thoosidae
200325,Thoracopteridae
62521,Thraciidae
199577,Thrincoceratidae
307912,Thrombidae
62525,Thyasiridae
122373,Thylacoceratidae
90450,Tianzhushanellidae
168615,Tiarechinidae
86807,Tibetitidae
108061,Tienodictyidae
85842,Timanodictyidae
205756,Timorechinidae
107285,Timorphyllidae
86245,Tindariidae
292024,Tirolitidae
69217,Tironuculidae
95930,Tissotiidae
147736,Tithonohomolidae
116148,Tiverinidae
171529,Tjaernoiidae
90262,Tofanellidae
120620,Tommotiidae
62536,Tonnidae
110866,Toomeyospongiidae
85344,Torellellidae
62543,Tornidae
92885,Tornoceratidae
154003,Torpedinidae
124200,Torynelasmatidae
168524,Toxasteridae
141749,Toxopneustidae
151351,Trachelocrinidae
127112,Trachichthyidae
338004,Trachoecidae
86805,Trachyceratidae
82093,Trachyleberididae
122128,Trachypsammiidae
110819,Trachyspiridae
62551,Trajanellidae
244399,Trapezidae
68964,Trapeziidae
244359,Trechmannellidae
124194,Trematidae
124235,Trematobolidae
290925,Trematoporidae
65392,Trenellidae
81549,Tretodictyidae
204088,Triactinellidae
267704,Triadocidaridae
141956,Triadotiaridae
92878,Triainoceratidae
83176,Triakidae
127006,Triasorhynchiidae
286945,Tribolbinidae
130432,Tribrachyocrinidae
119178,Trichasteridae
81213,Trichasteropsiidae
127945,Trichiuridae
225080,Trichodactylidae
265791,Trichomycteridae
62555,Trichotropidae
141011,Tricolnaticopsidae
169398,Tricornidae
180792,Tricorninidae
133742,Tricrepicephalidae
299490,Trifissuridae
62563,Triforidae
82281,Triglidae
62573,Trigoniidae
62574,Trigonioididae
123321,Trigonirhynchiidae
130611,Trigonithyrididae
119562,Trigonoceratidae
62575,Trigonodidae
100375,Trigonodontoidae
307368,Trigonorhynchiidae
90356,Trigonotretidae
119742,Trimerellidae
69639,Trimeroceratidae
90523,Trimusculidae
85372,Trinucleidae
62584,Triphoridae
124884,Triplesiidae
103408,Tripteroceratidae
327981,Trissexodontidae
197352,Tritoechiidae
62596,Triviidae
62601,Trochidae
68938,Trochoidomeandridae
103406,Trocholitidae
58435,Trochonematidae
111544,Trochotomidae
123003,Troedssonellidae
157856,Troosticrinidae
312594,Tropiastraeidae
117067,Tropiastreidae
86950,Tropiceltitidae
81206,Tropidasteridae
117296,Tropidastraeidae
56898,Tropidocoryphidae
57129,Tropidodiscidae
130889,Tropidoleptidae
86819,Tropitidae
62616,Truncatellidae
108077,Trupetostromatidae
57666,Tryblidiidae
68427,Trygonidae
119671,Trypanaxidae
302352,Trypetesidae
110484,Tryplasmatidae
118740,Trypostegidae
248985,Tschernyschewiidae
84723,Tsinaniidae
154067,Tsunyidiscidae
62622,Tubiferidae
58422,Tubinidae
163620,Tubocaudinidae
111607,Tubuliporidae
89119,Tudiclidae
258586,Tulipacrinidae
301233,Tulitidae
91437,Tumidocarcinidae
188225,Tunisiacrinidae
62644,Turbinellidae
62646,Turbinidae
112873,Turbinoliidae
253041,Turcicidae
96134,Turcuthecidae
119356,Turmalitidae
62680,Turridae
172703,Turrilepadidae
95378,Turrilitidae
55363,Turritellidae
65313,Tychobraheidae
169022,Tylocarididae
62709,Tylodinidae
85286,Tylostomatidae
304667,Tylotitidae
125089,Tyronellidae
69505,Ucumariidae
127267,Ulbospiriferidae
208496,Ulospongiellidae
85896,Umboniidae
118697,Umbonulidae
62723,Umbraculidae
241806,Uncertain
123378,Uncinulidae
126942,Uncitidae
62724,Ungulinidae
119344,Uniconidae
62728,Unionidae
147764,Upogebiidae
115084,Uraliniidae
128199,Uranoceratidae
82278,Uranoscopidae
103676,Urasterellidae
206612,Urdidae
168418,Urechinidae
154023,Urolophidae
237357,Uronectidae
86652,Ussuriidae
86782,Ussuritidae
155212,Utiidae
146272,Vacunellidae
103410,Valcouroceratidae
114479,Valloniidae
62737,Valvatidae
62741,Vanikoridae
291598,Varialepididae
226123,Varunidae
95295,Vascoceratidae
62747,Vasidae
145641,Vauxiidae
112534,Velellidae
302119,Veliferidae
62763,Velutinidae
62779,Veneridae
81544,Ventriculitidae
115078,Verbeekiellidae
62787,Vermetidae
127285,Verneuiliidae
302298,Verrucidae
70162,Verticillitidae
62796,Verticordiidae
327506,Vertiginidae
62799,Vesicomyidae
91619,Vetulicolidae
188086,Vetulinidae
330361,Vicidae
82315,Vidrioceratidae
118742,Vinculariidae
118662,Vinellidae
123490,Virgianidae
70219,Virgolidae
119420,Viriatellidae
62823,Vitrinellidae
114484,Vitrinidae
62825,Viviparidae
224017,Vlastidae
70879,Vltaviellidae
148185,Voehringeritidae
245073,Volganellidae
62834,Volutidae
62838,Volutomitridae
119351,Volynitidae
70448,Volzeiidae
113487,Vulsellidae
107617,Waagenophyllidae
302416,Waiparaconidae
269469,Wakinoichthiidae
58133,Wallowaconchidae
124991,Wangyuiidae
208500,Wapkiidae
121036,Waptiidae
204320,Wareembaiidae
128418,Weberithyrididae
80694,Wellerellidae
93062,Welleritidae
92861,Werneroceratidae
127939,Westonoceratidae
70141,Wewokellidae
154079,Weymouthiidae
200337,Whiteiidae
124981,Whittardiidae
93067,Wiedeyoceratidae
93217,Wocklumeriidae
253123,Wortheniellidae
227122,Wuaniidae
63314,Xanthidae
80814,Xenacanthidae
103668,Xenasteridae
82359,Xenoceltitidae
82361,Xenodiscidae
127440,Xenomartiniidae
62877,Xenophoridae
226087,Xenophthalmidae
162998,Xestoleberididae
81585,Xiphiidae
265569,Xiphoteuthididae
173815,Yatsengiidae
285241,Yelangichthyidae
65604,Yochelcionellidae
167461,Yohoiidae
86084,Yoldiidae
141646,Yorkiidae
169391,Youngiellidae
161562,Ypsilothuriidae
154089,Yukoniidae
97454,Yunnanellidae
155740,Yunnanocephalidae
95208,Zacanthoididae
91439,Zanthopsidae
302376,Zapfellidae
110415,Zaphrentidae
114690,Zaphrentoididae
70450,Zardinophyllidae
144663,Zeacrinitidae
80668,Zeilleriidae
82427,Zhanatellidae
141299,Zhijinitidae
266385,Zoarcidae
162068,Zonitidae
81179,Zoroasteridae
127385,Zugmayeriidae
111546,Zygitidae
241789,Zygobolbidae
62902,Zygopleuridae
316370,Zygospiridae
